0,1,2,3,4,5,6,7,8
1,113,,,4,9,32,2016-03-16 10:17:36.000000,2016-03-16 10:17:36.000000
2,113,,,4,8,28,2016-03-16 10:18:49.000000,2016-03-16 10:18:49.000000
3,113,,,4,7,24,2016-03-16 10:19:51.000000,2016-03-16 10:19:51.000000
4,113,,,5,9,16,2016-03-16 10:20:14.000000,2016-03-16 10:20:14.000000
5,113,,,5,8,14,2016-03-16 10:20:32.000000,2016-03-16 10:20:32.000000
6,113,,,5,7,12,2016-03-16 10:20:51.000000,2016-03-16 10:20:51.000000
7,113,,,6,9,16,2016-03-16 10:21:09.000000,2016-03-16 10:21:09.000000
8,113,,,6,8,14,2016-03-16 10:21:25.000000,2016-03-16 10:21:25.000000
9,113,,,6,7,12,2016-03-16 10:22:05.000000,2016-03-16 10:22:05.000000
10,60,,,4,9,28,2016-03-16 10:26:20.000000,2016-03-16 10:26:20.000000
11,60,,,4,8,24,2016-03-16 10:26:35.000000,2016-03-16 10:26:35.000000
12,60,,,4,7,20,2016-03-16 10:26:50.000000,2016-03-16 10:26:50.000000
13,60,,,5,9,14,2016-03-16 10:27:14.000000,2016-03-16 10:27:14.000000
14,60,,,5,8,12,2016-03-16 10:27:26.000000,2016-03-16 10:27:26.000000
15,60,,,5,7,10,2016-03-16 10:27:45.000000,2016-03-16 10:27:45.000000
16,60,,,6,9,14,2016-03-16 10:28:06.000000,2016-03-16 10:28:06.000000
17,60,,,6,8,12,2016-03-16 10:28:20.000000,2016-03-16 10:28:20.000000
18,60,,,6,7,10,2016-03-16 10:28:32.000000,2016-03-16 10:28:32.000000
19,114,,,4,9,56,2016-03-16 10:29:37.000000,2016-03-16 10:29:37.000000
20,114,,,4,8,52,2016-03-16 10:29:52.000000,2016-03-16 10:29:52.000000
21,114,,,4,7,48,2016-03-16 10:30:06.000000,2016-03-16 10:30:06.000000
22,114,,,5,9,28,2016-03-16 10:30:22.000000,2016-03-16 10:30:22.000000
23,114,,,5,8,26,2016-03-16 10:30:35.000000,2016-03-16 10:30:35.000000
24,114,,,5,7,24,2016-03-16 10:30:55.000000,2016-03-16 10:30:55.000000
25,114,,,6,9,28,2016-03-16 10:31:12.000000,2016-03-16 10:31:12.000000
26,114,,,6,8,26,2016-03-16 10:31:25.000000,2016-03-16 10:31:25.000000
27,114,,,6,7,24,2016-03-16 10:31:36.000000,2016-03-16 10:31:36.000000
28,115,,,4,9,20,2016-03-16 10:35:59.000000,2016-03-16 10:35:59.000000
29,115,,,4,8,20,2016-03-16 10:36:10.000000,2016-03-16 10:36:10.000000
30,115,,,4,7,20,2016-03-16 10:36:19.000000,2016-03-16 10:36:19.000000
31,115,,,5,9,10,2016-03-16 10:36:33.000000,2016-03-16 10:36:33.000000
32,115,,,5,8,10,2016-03-16 10:36:40.000000,2016-03-16 10:36:40.000000
33,115,,,5,7,10,2016-03-16 10:36:46.000000,2016-03-16 10:36:46.000000
34,115,,,6,9,10,2016-03-16 10:36:59.000000,2016-03-16 10:36:59.000000
35,115,,,6,8,10,2016-03-16 10:37:05.000000,2016-03-16 10:37:05.000000
36,115,,,6,7,10,2016-03-16 10:37:13.000000,2016-03-16 10:37:13.000000
37,61,,,4,9,20,2016-03-16 10:38:50.000000,2016-03-16 10:38:50.000000
38,61,,,4,8,20,2016-03-16 10:38:58.000000,2016-03-16 10:38:58.000000
39,61,,,4,7,20,2016-03-16 10:39:07.000000,2016-03-16 10:39:07.000000
41,196,,,4,9,12,2016-03-18 05:58:40.528732,2016-03-18 05:58:40.528732
42,196,,,4,8,8,2016-03-18 05:58:53.358388,2016-03-18 05:58:53.358388
43,196,,,4,7,4,2016-03-18 05:59:06.598251,2016-03-18 05:59:06.598251
44,196,,,5,9,16,2016-03-18 05:59:30.470910,2016-03-18 05:59:30.470910
45,196,,,5,8,12,2016-03-18 05:59:41.639282,2016-03-18 05:59:41.639282
46,196,,,5,7,8,2016-03-18 05:59:54.809726,2016-03-18 05:59:54.809726
47,196,,,6,9,24,2016-03-18 06:00:10.944806,2016-03-18 06:00:10.944806
48,196,,,6,8,20,2016-03-18 06:00:26.889761,2016-03-18 06:00:26.889761
49,196,,,6,7,16,2016-03-18 06:00:37.358400,2016-03-18 06:00:37.358400
50,61,,,5,9,10,2016-03-21 05:20:14.832201,2016-03-21 05:20:14.832201
51,61,,,5,8,10,2016-03-21 05:22:20.200559,2016-03-21 05:22:20.200559
52,61,,,5,7,10,2016-03-21 05:22:25.643827,2016-03-21 05:22:25.643827
53,61,,,6,9,10,2016-03-21 05:22:37.034391,2016-03-21 05:22:37.034391
54,61,,,6,8,10,2016-03-21 05:22:43.364478,2016-03-21 05:22:43.364478
55,61,,,6,7,10,2016-03-21 05:22:52.451427,2016-03-21 05:22:52.451427
56,198,,,4,9,20,2016-03-21 05:23:42.845347,2016-03-21 05:23:42.845347
57,198,,,4,8,20,2016-03-21 05:23:48.413331,2016-03-21 05:23:48.413331
58,198,,,4,7,20,2016-03-21 05:23:56.213456,2016-03-21 05:23:56.213456
59,198,,,5,9,10,2016-03-21 05:24:08.847949,2016-03-21 05:24:08.847949
60,198,,,5,8,10,2016-03-21 05:24:22.882573,2016-03-21 05:24:22.882573
61,198,,,5,7,10,2016-03-21 05:24:27.946572,2016-03-21 05:24:27.946572
62,198,,,6,9,10,2016-03-21 05:24:51.805549,2016-03-21 05:24:51.805549
63,198,,,6,8,10,2016-03-21 05:24:56.025479,2016-03-21 05:24:56.025479
64,198,,,6,7,10,2016-03-21 05:25:00.080372,2016-03-21 05:25:00.080372
65,117,,,4,9,32,2016-03-21 05:27:26.408174,2016-03-21 05:27:26.408174
66,63,,,4,9,32,2016-03-21 05:27:34.713421,2016-03-21 05:27:34.713421
67,212,,,4,9,32,2016-03-21 05:27:40.629756,2016-03-21 05:27:40.629756
68,117,,,4,8,24,2016-03-21 05:27:56.415365,2016-03-21 05:27:56.415365
69,63,,,4,8,24,2016-03-21 05:28:04.712391,2016-03-21 05:28:04.712391
70,212,,,4,8,24,2016-03-21 05:28:14.935577,2016-03-21 05:28:14.935577
71,117,,,4,7,16,2016-03-21 05:28:31.374692,2016-03-21 05:28:31.374692
72,63,,,4,7,16,2016-03-21 05:29:43.399756,2016-03-21 05:29:43.399756
73,212,,,4,7,16,2016-03-21 05:29:54.930065,2016-03-21 05:29:54.930065
74,117,,,5,9,16,2016-03-21 05:30:15.876837,2016-03-21 05:30:15.876837
75,63,,,5,9,16,2016-03-21 05:30:21.356559,2016-03-21 05:30:21.356559
76,212,,,5,9,16,2016-03-21 05:30:27.607712,2016-03-21 05:30:27.607712
77,117,,,5,8,12,2016-03-21 05:30:43.368751,2016-03-21 05:30:43.368751
78,63,,,5,8,12,2016-03-21 05:30:51.994599,2016-03-21 05:30:51.994599
79,212,,,5,8,12,2016-03-21 05:31:06.648542,2016-03-21 05:31:06.648542
80,117,,,5,7,8,2016-03-21 05:31:41.709532,2016-03-21 05:31:41.709532
81,63,,,5,7,8,2016-03-21 05:31:47.058267,2016-03-21 05:31:47.058267
82,212,,,5,7,8,2016-03-21 05:31:53.532440,2016-03-21 05:31:53.532440
83,117,,,6,9,16,2016-03-21 05:32:17.025050,2016-03-21 05:32:17.025050
84,63,,,6,9,16,2016-03-21 05:32:33.639352,2016-03-21 05:32:33.639352
85,212,,,6,9,16,2016-03-21 05:32:39.612637,2016-03-21 05:32:39.612637
86,117,,,6,8,12,2016-03-21 05:33:11.476531,2016-03-21 05:33:11.476531
87,63,,,6,8,12,2016-03-21 05:33:17.879671,2016-03-21 05:33:17.879671
88,212,,,6,8,12,2016-03-21 05:33:22.362530,2016-03-21 05:33:22.362530
89,117,,,6,7,8,2016-03-21 05:33:37.535163,2016-03-21 05:33:37.535163
90,63,,,6,7,8,2016-03-21 05:33:43.058262,2016-03-21 05:33:43.058262
91,212,,,6,7,8,2016-03-21 05:33:48.866555,2016-03-21 05:33:48.866555
92,151,,,4,9,48,2016-03-21 05:36:57.613776,2016-03-21 05:36:57.613776
93,97,,,4,9,48,2016-03-21 05:37:04.279993,2016-03-21 05:37:04.279993
94,169,,,4,9,48,2016-03-21 05:37:10.218136,2016-03-21 05:37:10.218136
95,151,,,4,8,48,2016-03-21 05:38:15.414197,2016-03-21 05:38:15.414197
96,97,,,4,8,48,2016-03-21 05:38:25.878949,2016-03-21 05:38:25.878949
98,169,,,4,8,48,2016-03-21 05:39:21.705224,2016-03-21 05:39:21.705224
99,151,,,4,7,48,2016-03-21 05:39:42.898294,2016-03-21 05:39:42.898294
100,97,,,4,7,48,2016-03-21 05:39:51.044471,2016-03-21 05:39:51.044471
101,169,,,4,7,48,2016-03-21 05:40:02.826279,2016-03-21 05:40:02.826279
102,151,,,5,9,24,2016-03-21 05:40:24.072805,2016-03-21 05:40:24.072805
103,97,,,5,9,24,2016-03-21 05:40:32.363370,2016-03-21 05:40:32.363370
104,169,,,5,9,24,2016-03-21 05:40:40.831684,2016-03-21 05:40:40.831684
105,151,,,5,8,24,2016-03-21 05:40:49.354845,2016-03-21 05:40:49.354845
106,97,,,5,8,24,2016-03-21 05:41:21.111670,2016-03-21 05:41:21.111670
107,169,,,5,8,24,2016-03-21 05:41:26.915694,2016-03-21 05:41:26.915694
108,151,,,5,7,24,2016-03-21 05:41:34.711256,2016-03-21 05:41:34.711256
109,97,,,5,7,24,2016-03-21 05:41:41.174061,2016-03-21 05:41:41.174061
110,169,,,5,7,24,2016-03-21 05:41:47.636067,2016-03-21 05:41:47.636067
111,151,,,6,9,24,2016-03-21 05:42:09.378950,2016-03-21 05:42:09.378950
112,97,,,6,9,24,2016-03-21 05:42:17.865142,2016-03-21 05:42:17.865142
113,169,,,6,9,24,2016-03-21 05:42:31.942514,2016-03-21 05:42:31.942514
114,151,,,6,8,24,2016-03-21 05:42:38.463149,2016-03-21 05:42:38.463149
115,97,,,6,8,24,2016-03-21 05:42:43.456935,2016-03-21 05:42:43.456935
116,169,,,6,8,24,2016-03-21 05:42:47.907111,2016-03-21 05:42:47.907111
117,169,,,6,7,24,2016-03-21 05:42:53.913299,2016-03-21 05:42:53.913299
118,151,,,6,7,24,2016-03-21 05:43:00.440517,2016-03-21 05:43:00.440517
119,97,,,6,7,24,2016-03-21 06:03:51.842507,2016-03-21 06:03:51.842507
120,157,,,4,9,80,2016-03-21 06:05:45.049867,2016-03-21 06:05:45.049867
121,157,,,4,8,80,2016-03-21 06:05:52.525514,2016-03-21 06:05:52.525514
122,157,,,4,7,80,2016-03-21 06:05:57.173244,2016-03-21 06:05:57.173244
123,157,,,5,9,60,2016-03-21 06:06:16.488795,2016-03-21 06:06:16.488795
124,157,,,5,8,60,2016-03-21 06:06:21.284829,2016-03-21 06:06:21.284829
125,157,,,5,7,60,2016-03-21 06:06:27.998964,2016-03-21 06:06:27.998964
126,157,,,6,9,60,2016-03-21 06:06:40.826549,2016-03-21 06:06:40.826549
127,157,,,6,8,60,2016-03-21 06:06:45.347024,2016-03-21 06:06:45.347024
128,157,,,6,7,60,2016-03-21 06:06:49.670217,2016-03-21 06:06:49.670217
129,102,,,4,9,80,2016-03-21 06:07:17.008981,2016-03-21 06:07:17.008981
130,102,,,4,8,80,2016-03-21 06:07:29.727224,2016-03-21 06:07:29.727224
131,102,,,4,7,80,2016-03-21 06:07:34.276977,2016-03-21 06:07:34.276977
132,102,,,5,9,60,2016-03-21 06:07:47.973410,2016-03-21 06:07:47.973410
133,102,,,5,8,60,2016-03-21 06:07:52.490740,2016-03-21 06:07:52.490740
134,102,,,5,7,60,2016-03-21 06:07:57.063482,2016-03-21 06:07:57.063482
135,102,,,6,9,60,2016-03-21 06:08:03.887067,2016-03-21 06:08:03.887067
136,102,,,6,8,60,2016-03-21 06:08:08.580023,2016-03-21 06:08:08.580023
137,102,,,6,7,60,2016-03-21 06:08:14.744524,2016-03-21 06:08:14.744524
138,167,,,4,9,80,2016-03-21 06:08:31.197226,2016-03-21 06:08:31.197226
139,167,,,4,8,80,2016-03-21 06:08:36.270031,2016-03-21 06:08:36.270031
140,167,,,4,7,80,2016-03-21 06:08:40.402439,2016-03-21 06:08:40.402439
141,167,,,5,9,60,2016-03-21 06:08:51.678288,2016-03-21 06:08:51.678288
142,167,,,5,8,60,2016-03-21 06:08:55.622227,2016-03-21 06:08:55.622227
143,167,,,5,7,60,2016-03-21 06:08:59.592175,2016-03-21 06:08:59.592175
144,167,,,6,9,60,2016-03-21 06:09:08.334577,2016-03-21 06:09:08.334577
145,167,,,6,8,60,2016-03-21 06:09:12.771088,2016-03-21 06:09:12.771088
146,167,,,6,7,60,2016-03-21 06:09:17.004707,2016-03-21 06:09:17.004707
147,130,,,4,9,80,2016-03-21 06:10:43.646105,2016-03-21 06:10:43.646105
148,130,,,4,8,80,2016-03-21 06:10:52.666474,2016-03-21 06:10:52.666474
149,130,,,4,7,80,2016-03-21 06:10:57.059156,2016-03-21 06:10:57.059156
150,130,,,5,9,40,2016-03-21 06:11:26.959092,2016-03-21 06:11:26.959092
151,130,,,5,8,40,2016-03-21 06:11:31.713457,2016-03-21 06:11:31.713457
152,130,,,5,7,40,2016-03-21 06:11:36.356757,2016-03-21 06:11:36.356757
153,130,,,6,9,40,2016-03-21 06:12:45.164117,2016-03-21 06:12:45.164117
154,130,,,6,8,40,2016-03-21 06:13:39.273937,2016-03-21 06:13:39.273937
155,130,,,6,7,40,2016-03-21 06:13:43.469408,2016-03-21 06:13:43.469408
156,74,,,4,9,80,2016-03-21 06:14:32.248093,2016-03-21 06:14:32.248093
157,74,,,4,8,80,2016-03-21 06:14:49.557223,2016-03-21 06:14:49.557223
158,74,,,4,7,80,2016-03-21 06:14:53.091883,2016-03-21 06:14:53.091883
159,74,,,5,9,40,2016-03-21 06:15:08.919399,2016-03-21 06:15:08.919399
160,74,,,5,8,40,2016-03-21 06:15:13.205191,2016-03-21 06:15:13.205191
161,74,,,5,7,40,2016-03-21 06:15:17.395303,2016-03-21 06:15:17.395303
162,74,,,6,9,40,2016-03-21 06:15:23.254268,2016-03-21 06:15:23.254268
163,74,,,6,8,40,2016-03-21 06:15:26.662638,2016-03-21 06:15:26.662638
164,74,,,6,7,40,2016-03-21 06:15:30.622519,2016-03-21 06:15:30.622519
165,170,,,4,9,80,2016-03-21 06:15:47.811044,2016-03-21 06:15:47.811044
166,170,,,4,8,80,2016-03-21 06:15:51.826074,2016-03-21 06:15:51.826074
167,170,,,4,7,80,2016-03-21 06:15:55.201892,2016-03-21 06:15:55.201892
168,170,,,5,9,40,2016-03-21 06:16:03.710114,2016-03-21 06:16:03.710114
169,170,,,5,8,40,2016-03-21 06:16:07.782835,2016-03-21 06:16:07.782835
170,170,,,5,7,40,2016-03-21 06:16:11.385155,2016-03-21 06:16:11.385155
171,170,,,6,9,40,2016-03-21 06:16:17.496431,2016-03-21 06:16:17.496431
172,170,,,6,8,40,2016-03-21 06:16:20.940107,2016-03-21 06:16:20.940107
173,170,,,6,7,40,2016-03-21 06:16:24.391943,2016-03-21 06:16:24.391943
174,221,,,4,9,20,2016-03-21 06:42:09.638819,2016-03-21 06:42:09.638819
175,221,,,4,8,16,2016-03-21 06:42:19.901819,2016-03-21 06:42:19.901819
176,221,,,4,7,12,2016-03-21 06:42:31.609935,2016-03-21 06:42:31.609935
177,221,,,5,9,10,2016-03-21 06:42:44.101964,2016-03-21 06:42:44.101964
178,221,,,5,8,8,2016-03-21 06:42:54.395141,2016-03-21 06:42:54.395141
179,221,,,5,7,8,2016-03-21 06:43:03.456532,2016-03-21 06:43:03.456532
180,221,,,6,9,20,2016-03-21 06:43:17.393012,2016-03-21 06:43:17.393012
181,221,,,6,8,16,2016-03-21 06:43:47.477927,2016-03-21 06:43:47.477927
182,221,,,6,7,12,2016-03-21 06:43:58.769306,2016-03-21 06:43:58.769306
184,162,,,4,9,40,2016-04-06 06:39:04.576620,2016-04-06 06:39:04.576620
185,162,,,4,8,32,2016-04-06 06:47:02.611384,2016-04-06 06:47:02.611384
186,162,,,4,7,24,2016-04-06 06:47:21.227831,2016-04-06 06:47:21.227831
187,162,,,5,9,40,2016-04-06 06:47:42.120469,2016-04-06 06:47:42.120469
188,162,,,5,8,40,2016-04-06 06:47:52.169843,2016-04-06 06:47:52.169843
189,162,,,5,7,32,2016-04-06 06:48:08.052713,2016-04-06 06:48:08.052713
190,162,,,6,9,40,2016-04-06 06:50:03.783575,2016-04-06 06:50:03.783575
191,162,,,6,8,40,2016-04-06 06:50:12.168084,2016-04-06 06:50:12.168084
192,162,,,6,7,32,2016-04-06 06:50:23.868925,2016-04-06 06:50:23.868925
193,108,,,4,9,40,2016-04-06 06:50:51.399747,2016-04-06 06:50:51.399747
194,108,,,4,8,32,2016-04-06 06:51:05.454936,2016-04-06 06:51:05.454936
195,108,,,4,7,24,2016-04-06 06:51:23.078117,2016-04-06 06:51:23.078117
196,108,,,5,9,40,2016-04-06 07:37:05.235892,2016-04-06 07:37:05.235892
197,108,,,5,8,40,2016-04-06 07:37:16.930525,2016-04-06 07:37:16.930525
198,108,,,5,7,32,2016-04-06 07:37:26.977815,2016-04-06 07:37:26.977815
199,108,,,6,9,40,2016-04-06 07:37:41.219160,2016-04-06 07:37:41.219160
200,108,,,6,8,40,2016-04-06 07:37:52.897812,2016-04-06 07:37:52.897812
201,108,,,6,7,32,2016-04-06 07:38:03.938091,2016-04-06 07:38:03.938091
202,216,,,4,9,40,2016-04-06 07:38:47.972347,2016-04-06 07:38:47.972347
203,216,,,4,8,32,2016-04-06 07:39:55.506727,2016-04-06 07:39:55.506727
204,216,,,4,7,24,2016-04-06 07:40:11.269724,2016-04-06 07:40:11.269724
205,216,,,5,9,40,2016-04-06 07:40:23.979310,2016-04-06 07:40:23.979310
206,216,,,5,8,40,2016-04-06 07:40:31.031252,2016-04-06 07:40:31.031252
207,216,,,5,7,32,2016-04-06 07:40:41.896576,2016-04-06 07:40:41.896576
208,216,,,6,9,40,2016-04-06 07:40:56.976361,2016-04-06 07:40:56.976361
209,216,,,6,8,40,2016-04-06 07:41:05.287903,2016-04-06 07:41:05.287903
210,216,,,6,7,32,2016-04-06 07:41:14.611469,2016-04-06 07:41:14.611469
211,161,,,4,9,8,2016-04-06 07:42:02.137867,2016-04-06 07:42:02.137867
212,161,,,4,8,8,2016-04-06 07:42:12.983111,2016-04-06 07:42:12.983111
213,161,,,4,7,8,2016-04-06 07:42:21.583905,2016-04-06 07:42:21.583905
214,161,,,5,9,24,2016-04-06 07:42:35.994618,2016-04-06 07:42:35.994618
215,161,,,5,8,24,2016-04-06 07:42:43.652670,2016-04-06 07:42:43.652670
216,161,,,5,7,24,2016-04-06 07:42:48.441425,2016-04-06 07:42:48.441425
217,161,,,6,9,24,2016-04-06 07:43:07.263116,2016-04-06 07:43:07.263116
218,161,,,6,8,24,2016-04-06 07:43:11.611746,2016-04-06 07:43:11.611746
219,161,,,6,7,24,2016-04-06 07:43:17.539142,2016-04-06 07:43:17.539142
220,106,,,4,9,8,2016-04-06 09:39:37.626054,2016-04-06 09:39:37.626054
221,106,,,4,8,8,2016-04-06 09:39:53.462918,2016-04-06 09:39:53.462918
222,106,,,4,7,8,2016-04-06 09:40:00.687297,2016-04-06 09:40:00.687297
223,106,,,5,9,24,2016-04-06 09:40:15.128795,2016-04-06 09:40:15.128795
224,106,,,5,8,24,2016-04-06 09:40:26.235230,2016-04-06 09:40:26.235230
225,106,,,5,7,24,2016-04-06 09:40:40.128508,2016-04-06 09:40:40.128508
226,106,,,6,9,24,2016-04-06 09:40:57.212513,2016-04-06 09:40:57.212513
227,106,,,6,8,24,2016-04-06 09:41:10.228328,2016-04-06 09:41:10.228328
228,106,,,6,7,24,2016-04-06 09:41:16.190941,2016-04-06 09:41:16.190941
229,214,,,4,9,8,2016-04-06 09:42:03.805798,2016-04-06 09:42:03.805798
230,214,,,4,8,8,2016-04-06 09:42:08.697850,2016-04-06 09:42:08.697850
231,214,,,4,7,8,2016-04-06 09:42:15.152407,2016-04-06 09:42:15.152407
232,214,,,5,9,24,2016-04-06 09:42:36.339223,2016-04-06 09:42:36.339223
233,214,,,5,8,24,2016-04-06 09:42:41.426679,2016-04-06 09:42:41.426679
234,214,,,5,7,24,2016-04-06 09:42:46.860153,2016-04-06 09:42:46.860153
235,214,,,6,9,24,2016-04-06 09:42:57.865354,2016-04-06 09:42:57.865354
236,214,,,6,8,24,2016-04-06 09:43:03.391578,2016-04-06 09:43:03.391578
237,214,,,6,7,24,2016-04-06 09:43:10.544852,2016-04-06 09:43:10.544852
238,148,,,4,9,24,2016-04-06 09:44:55.903809,2016-04-06 09:44:55.903809
239,148,,,4,8,16,2016-04-06 09:45:22.869924,2016-04-06 09:45:22.869924
240,148,,,4,7,8,2016-04-06 09:45:37.078677,2016-04-06 09:45:37.078677
241,148,,,5,9,12,2016-04-06 09:45:52.968810,2016-04-06 09:45:52.968810
242,148,,,5,8,8,2016-04-06 09:46:05.366087,2016-04-06 09:46:05.366087
243,148,,,5,7,4,2016-04-06 09:46:16.611309,2016-04-06 09:46:16.611309
244,148,,,6,9,12,2016-04-06 09:46:32.425283,2016-04-06 09:46:32.425283
245,148,,,6,8,8,2016-04-06 09:46:45.553688,2016-04-06 09:46:45.553688
252,94,,,5,7,4,2016-04-06 09:51:02.526877,2016-04-06 09:51:02.526877
254,94,,,6,8,8,2016-04-06 09:51:27.170441,2016-04-06 09:51:27.170441
246,148,,,6,7,4,2016-04-06 09:46:59.707766,2016-04-06 09:46:59.707766
247,94,,,4,9,24,2016-04-06 09:50:05.111859,2016-04-06 09:50:05.111859
248,94,,,4,8,16,2016-04-06 09:50:14.288801,2016-04-06 09:50:14.288801
249,94,,,4,7,8,2016-04-06 09:50:25.877195,2016-04-06 09:50:25.877195
250,94,,,5,9,12,2016-04-06 09:50:38.497411,2016-04-06 09:50:38.497411
253,94,,,6,9,12,2016-04-06 09:51:15.134976,2016-04-06 09:51:15.134976
251,94,,,5,8,8,2016-04-06 09:50:50.750516,2016-04-06 09:50:50.750516
255,94,,,6,7,4,2016-04-06 09:51:36.385955,2016-04-06 09:51:36.385955
256,201,,,4,9,24,2016-04-06 09:51:52.384151,2016-04-06 09:51:52.384151
257,201,,,4,8,16,2016-04-06 09:52:03.094171,2016-04-06 09:52:03.094171
258,201,,,4,7,8,2016-04-06 09:52:14.369317,2016-04-06 09:52:14.369317
259,201,,,5,9,12,2016-04-06 09:52:26.961208,2016-04-06 09:52:26.961208
260,201,,,5,8,8,2016-04-06 09:52:36.322422,2016-04-06 09:52:36.322422
261,201,,,5,7,4,2016-04-06 09:52:43.730227,2016-04-06 09:52:43.730227
262,201,,,6,9,12,2016-04-06 09:52:56.667439,2016-04-06 09:52:56.667439
263,201,,,6,8,8,2016-04-06 09:53:03.503715,2016-04-06 09:53:03.503715
264,201,,,6,7,4,2016-04-06 09:53:10.081381,2016-04-06 09:53:10.081381
265,116,,,4,9,12,2016-04-06 10:00:03.104746,2016-04-06 10:00:03.104746
266,116,,,4,8,8,2016-04-06 10:00:13.863663,2016-04-06 10:00:13.863663
267,116,,,4,7,4,2016-04-06 10:00:21.332155,2016-04-06 10:00:21.332155
268,116,,,5,9,16,2016-04-06 10:00:40.289490,2016-04-06 10:00:40.289490
269,116,,,5,8,12,2016-04-06 10:00:50.410125,2016-04-06 10:00:50.410125
270,116,,,5,7,8,2016-04-06 10:01:03.976119,2016-04-06 10:01:03.976119
271,116,,,6,9,24,2016-04-06 10:01:25.208446,2016-04-06 10:01:25.208446
272,116,,,6,8,20,2016-04-06 10:01:36.440570,2016-04-06 10:01:36.440570
273,116,,,6,7,16,2016-04-06 10:03:28.435039,2016-04-06 10:03:28.435039
274,90,,,4,9,12,2016-04-06 10:03:51.818537,2016-04-06 10:03:51.818537
275,90,,,4,8,8,2016-04-06 10:04:04.539996,2016-04-06 10:04:04.539996
276,90,,,4,7,4,2016-04-06 10:04:14.802737,2016-04-06 10:04:14.802737
277,90,,,5,9,16,2016-04-06 10:05:01.940102,2016-04-06 10:05:01.940102
278,90,,,5,8,12,2016-04-06 10:05:12.469396,2016-04-06 10:05:12.469396
279,90,,,5,7,8,2016-04-06 10:05:21.605703,2016-04-06 10:05:21.605703
280,90,,,6,9,24,2016-04-06 10:05:36.179889,2016-04-06 10:05:36.179889
281,90,,,6,8,20,2016-04-06 10:05:57.432467,2016-04-06 10:05:57.432467
282,90,,,6,7,16,2016-04-06 10:06:10.249118,2016-04-06 10:06:10.249118
283,166,,,4,9,56,2016-04-06 10:07:16.816282,2016-04-06 10:07:16.816282
284,166,,,4,8,48,2016-04-06 10:07:32.862423,2016-04-06 10:07:32.862423
285,166,,,4,7,40,2016-04-06 10:07:44.601433,2016-04-06 10:07:44.601433
286,166,,,5,9,28,2016-04-06 10:08:06.021825,2016-04-06 10:08:06.021825
287,166,,,5,8,24,2016-04-06 10:08:18.150059,2016-04-06 10:08:18.150059
288,166,,,5,7,20,2016-04-06 10:08:30.210140,2016-04-06 10:08:30.210140
289,166,,,6,9,28,2016-04-06 10:08:46.054742,2016-04-06 10:08:46.054742
290,166,,,6,8,24,2016-04-06 10:09:01.230534,2016-04-06 10:09:01.230534
291,166,,,6,7,20,2016-04-06 10:09:15.542985,2016-04-06 10:09:15.542985
292,112,,,4,9,56,2016-04-06 10:09:36.217530,2016-04-06 10:09:36.217530
293,112,,,4,8,48,2016-04-06 10:09:47.602575,2016-04-06 10:09:47.602575
294,112,,,4,7,40,2016-04-06 10:10:00.924198,2016-04-06 10:10:00.924198
295,112,,,5,9,28,2016-04-06 10:10:18.211791,2016-04-06 10:10:18.211791
296,112,,,5,8,24,2016-04-06 10:10:31.997834,2016-04-06 10:10:31.997834
297,112,,,5,7,20,2016-04-06 10:10:43.795352,2016-04-06 10:10:43.795352
298,112,,,6,9,28,2016-04-06 10:10:57.797296,2016-04-06 10:10:57.797296
299,112,,,6,8,24,2016-04-06 10:11:07.728451,2016-04-06 10:11:07.728451
300,112,,,6,7,20,2016-04-06 10:11:19.657361,2016-04-06 10:11:19.657361
301,168,,,4,9,56,2016-04-06 10:11:51.105202,2016-04-06 10:11:51.105202
302,168,,,4,8,48,2016-04-06 10:12:04.502532,2016-04-06 10:12:04.502532
303,168,,,4,7,40,2016-04-06 10:12:23.807624,2016-04-06 10:12:23.807624
304,168,,,5,9,28,2016-04-06 10:12:35.968664,2016-04-06 10:12:35.968664
305,168,,,5,8,24,2016-04-06 10:12:47.043343,2016-04-06 10:12:47.043343
306,168,,,5,7,20,2016-04-06 10:13:02.117255,2016-04-06 10:13:02.117255
307,168,,,6,9,28,2016-04-06 10:13:16.582437,2016-04-06 10:13:16.582437
308,168,,,6,8,24,2016-04-06 10:13:47.161991,2016-04-06 10:13:47.161991
309,168,,,6,7,20,2016-04-06 10:14:25.872350,2016-04-06 10:14:25.872350
310,118,,,4,9,52,2016-04-22 05:13:40.641595,2016-04-22 05:13:40.641595
311,118,,,4,8,48,2016-04-22 05:14:00.821429,2016-04-22 05:14:00.821429
312,118,,,4,7,40,2016-04-22 05:14:21.186597,2016-04-22 05:14:21.186597
313,118,,,5,9,26,2016-04-22 05:14:44.868899,2016-04-22 05:14:44.868899
314,118,,,5,8,24,2016-04-22 05:14:56.632812,2016-04-22 05:14:56.632812
315,118,,,5,7,20,2016-04-22 05:15:12.148724,2016-04-22 05:15:12.148724
316,118,,,6,9,26,2016-04-22 05:15:38.578794,2016-04-22 05:15:38.578794
317,118,,,6,8,24,2016-04-22 05:15:58.062278,2016-04-22 05:15:58.062278
318,118,,,6,7,20,2016-04-22 05:16:26.302153,2016-04-22 05:16:26.302153
319,202,,,4,9,52,2016-04-22 05:16:45.423923,2016-04-22 05:16:45.423923
320,202,,,4,8,48,2016-04-22 05:17:02.088285,2016-04-22 05:17:02.088285
321,202,,,4,7,40,2016-04-22 05:17:15.126050,2016-04-22 05:17:15.126050
322,202,,,5,9,26,2016-04-22 05:17:43.496108,2016-04-22 05:17:43.496108
323,202,,,5,8,24,2016-04-22 05:17:53.651681,2016-04-22 05:17:53.651681
324,202,,,5,7,20,2016-04-22 05:18:15.955095,2016-04-22 05:18:15.955095
325,202,,,6,9,26,2016-04-22 05:18:36.562156,2016-04-22 05:18:36.562156
326,202,,,6,8,24,2016-04-22 05:18:49.823913,2016-04-22 05:18:49.823913
327,202,,,6,7,20,2016-04-22 05:19:04.914784,2016-04-22 05:19:04.914784
328,62,,,4,9,60,2016-04-22 05:20:34.116164,2016-04-22 05:20:34.116164
329,62,,,4,8,56,2016-04-22 05:20:45.103089,2016-04-22 05:20:45.103089
330,62,,,4,7,48,2016-04-22 05:20:57.173886,2016-04-22 05:20:57.173886
331,62,,,5,9,30,2016-04-22 05:21:09.531610,2016-04-22 05:21:09.531610
332,62,,,5,8,28,2016-04-22 05:21:20.686337,2016-04-22 05:21:20.686337
333,62,,,5,7,24,2016-04-22 05:21:33.001220,2016-04-22 05:21:33.001220
334,62,,,6,9,30,2016-04-22 05:21:46.064268,2016-04-22 05:21:46.064268
335,62,,,6,8,28,2016-04-22 05:21:56.099379,2016-04-22 05:21:56.099379
336,62,,,6,7,24,2016-04-22 05:22:11.161461,2016-04-22 05:22:11.161461
337,155,,,4,9,12,2016-04-22 05:23:04.598727,2016-04-22 05:23:04.598727
338,155,,,4,8,8,2016-04-22 05:23:14.494403,2016-04-22 05:23:14.494403
339,155,,,4,7,4,2016-04-22 05:23:24.456645,2016-04-22 05:23:24.456645
340,155,,,5,9,24,2016-04-22 05:24:11.509911,2016-04-22 05:24:11.509911
341,155,,,5,8,16,2016-04-22 05:24:23.223367,2016-04-22 05:24:23.223367
342,155,,,5,7,8,2016-04-22 05:24:34.497104,2016-04-22 05:24:34.497104
343,155,,,6,9,24,2016-04-22 05:24:49.210822,2016-04-22 05:24:49.210822
344,155,,,6,8,16,2016-04-22 05:25:54.451923,2016-04-22 05:25:54.451923
345,155,,,6,7,8,2016-04-22 05:26:07.092354,2016-04-22 05:26:07.092354
346,101,,,4,9,12,2016-04-22 05:26:41.553584,2016-04-22 05:26:41.553584
347,101,,,4,8,8,2016-04-22 05:26:54.581059,2016-04-22 05:26:54.581059
348,101,,,4,7,4,2016-04-22 05:27:02.308777,2016-04-22 05:27:02.308777
349,101,,,5,9,24,2016-04-22 05:27:23.412378,2016-04-22 05:27:23.412378
350,101,,,5,8,16,2016-04-22 05:27:42.035741,2016-04-22 05:27:42.035741
351,101,,,5,7,8,2016-04-22 05:27:52.506028,2016-04-22 05:27:52.506028
352,101,,,6,9,24,2016-04-22 05:28:04.855894,2016-04-22 05:28:04.855894
353,101,,,6,8,16,2016-04-22 05:28:14.557369,2016-04-22 05:28:14.557369
354,101,,,6,7,8,2016-04-22 05:28:24.811844,2016-04-22 05:28:24.811844
355,207,,,4,9,12,2016-04-22 05:28:42.998368,2016-04-22 05:28:42.998368
356,207,,,4,8,8,2016-04-22 05:29:00.994251,2016-04-22 05:29:00.994251
357,207,,,4,7,4,2016-04-22 05:29:11.976130,2016-04-22 05:29:11.976130
358,207,,,5,9,24,2016-04-22 05:29:27.919668,2016-04-22 05:29:27.919668
359,207,,,5,8,16,2016-04-22 05:29:42.034222,2016-04-22 05:29:42.034222
360,207,,,5,7,8,2016-04-22 05:29:51.817384,2016-04-22 05:29:51.817384
361,207,,,6,9,24,2016-04-22 05:30:07.562360,2016-04-22 05:30:07.562360
362,207,,,6,8,16,2016-04-22 05:30:18.526533,2016-04-22 05:30:18.526533
363,207,,,6,7,8,2016-04-22 05:30:29.218770,2016-04-22 05:30:29.218770
364,145,,,4,9,12,2016-04-22 05:31:16.927962,2016-04-22 05:31:16.927962
365,145,,,4,8,8,2016-04-22 05:31:28.173530,2016-04-22 05:31:28.173530
366,145,,,4,7,4,2016-04-22 05:31:36.222078,2016-04-22 05:31:36.222078
367,145,,,5,9,24,2016-04-22 05:31:50.495350,2016-04-22 05:31:50.495350
368,145,,,5,8,16,2016-04-22 05:32:00.543067,2016-04-22 05:32:00.543067
369,145,,,5,7,8,2016-04-22 05:32:11.273314,2016-04-22 05:32:11.273314
370,145,,,6,9,24,2016-04-22 05:34:11.305413,2016-04-22 05:34:11.305413
371,145,,,6,8,16,2016-04-22 05:34:20.316856,2016-04-22 05:34:20.316856
372,145,,,6,7,8,2016-04-22 05:34:30.548163,2016-04-22 05:34:30.548163
373,89,,,4,9,12,2016-04-22 05:34:49.780728,2016-04-22 05:34:49.780728
374,89,,,4,8,8,2016-04-22 05:35:02.525649,2016-04-22 05:35:02.525649
385,195,,,5,9,24,2016-04-22 05:39:25.578409,2016-04-22 05:39:25.578409
386,195,,,5,8,16,2016-04-22 05:39:36.807847,2016-04-22 05:39:36.807847
392,129,,,4,8,8,2016-04-22 05:42:54.743651,2016-04-22 05:42:54.743651
393,129,,,4,7,4,2016-04-22 05:43:06.502561,2016-04-22 05:43:06.502561
399,129,,,6,7,8,2016-04-22 05:46:33.387682,2016-04-22 05:46:33.387682
403,64,,,5,9,24,2016-04-22 05:48:16.520403,2016-04-22 05:48:16.520403
404,64,,,5,8,16,2016-04-22 05:48:28.398368,2016-04-22 05:48:28.398368
409,181,,,4,9,12,2016-04-22 05:49:36.682907,2016-04-22 05:49:36.682907
410,181,,,4,8,8,2016-04-22 05:49:42.556263,2016-04-22 05:49:42.556263
375,89,,,4,7,4,2016-04-22 05:35:13.702596,2016-04-22 05:35:13.702596
381,89,,,6,7,8,2016-04-22 05:38:25.046359,2016-04-22 05:38:25.046359
395,129,,,5,8,16,2016-04-22 05:45:52.780384,2016-04-22 05:45:52.780384
400,64,,,4,9,12,2016-04-22 05:47:39.965416,2016-04-22 05:47:39.965416
406,64,,,6,9,24,2016-04-22 05:48:55.102275,2016-04-22 05:48:55.102275
407,64,,,6,8,16,2016-04-22 05:49:05.126877,2016-04-22 05:49:05.126877
376,89,,,5,9,24,2016-04-22 05:35:31.548443,2016-04-22 05:35:31.548443
398,129,,,6,8,16,2016-04-22 05:46:23.241222,2016-04-22 05:46:23.241222
401,64,,,4,8,8,2016-04-22 05:47:48.729197,2016-04-22 05:47:48.729197
416,181,,,6,8,16,2016-04-22 05:50:46.174823,2016-04-22 05:50:46.174823
377,89,,,5,8,16,2016-04-22 05:36:20.888407,2016-04-22 05:36:20.888407
387,195,,,5,7,8,2016-04-22 05:39:47.578717,2016-04-22 05:39:47.578717
378,89,,,5,7,8,2016-04-22 05:36:36.972906,2016-04-22 05:36:36.972906
389,195,,,6,8,16,2016-04-22 05:40:22.213249,2016-04-22 05:40:22.213249
408,64,,,6,7,8,2016-04-22 05:49:16.701863,2016-04-22 05:49:16.701863
412,181,,,5,9,24,2016-04-22 05:50:04.606383,2016-04-22 05:50:04.606383
414,181,,,5,7,8,2016-04-22 05:50:25.706450,2016-04-22 05:50:25.706450
379,89,,,6,9,24,2016-04-22 05:37:29.408325,2016-04-22 05:37:29.408325
380,89,,,6,8,16,2016-04-22 05:37:44.228170,2016-04-22 05:37:44.228170
390,195,,,6,7,8,2016-04-22 05:40:33.184180,2016-04-22 05:40:33.184180
396,129,,,5,7,8,2016-04-22 05:46:02.081456,2016-04-22 05:46:02.081456
397,129,,,6,9,24,2016-04-22 05:46:14.253024,2016-04-22 05:46:14.253024
413,181,,,5,8,16,2016-04-22 05:50:14.450358,2016-04-22 05:50:14.450358
382,195,,,4,9,12,2016-04-22 05:38:40.927618,2016-04-22 05:38:40.927618
383,195,,,4,8,8,2016-04-22 05:38:52.418163,2016-04-22 05:38:52.418163
405,64,,,5,7,8,2016-04-22 05:48:41.301249,2016-04-22 05:48:41.301249
384,195,,,4,7,4,2016-04-22 05:38:59.154429,2016-04-22 05:38:59.154429
391,129,,,4,9,12,2016-04-22 05:42:46.277357,2016-04-22 05:42:46.277357
402,64,,,4,7,4,2016-04-22 05:48:01.993626,2016-04-22 05:48:01.993626
388,195,,,6,9,24,2016-04-22 05:40:10.240069,2016-04-22 05:40:10.240069
394,129,,,5,9,24,2016-04-22 05:45:43.461402,2016-04-22 05:45:43.461402
411,181,,,4,7,4,2016-04-22 05:49:49.284555,2016-04-22 05:49:49.284555
415,181,,,6,9,24,2016-04-22 05:50:36.499585,2016-04-22 05:50:36.499585
417,181,,,6,7,8,2016-04-22 05:50:59.708599,2016-04-22 05:50:59.708599
420,125,,,4,9,16,2016-04-22 05:52:49.983550,2016-04-22 05:52:49.983550
421,125,,,4,8,12,2016-04-22 05:52:59.770230,2016-04-22 05:52:59.770230
422,125,,,4,7,8,2016-04-22 05:53:08.601157,2016-04-22 05:53:08.601157
423,125,,,5,9,16,2016-04-22 05:53:46.119321,2016-04-22 05:53:46.119321
424,125,,,5,8,24,2016-04-22 05:53:56.322462,2016-04-22 05:53:56.322462
425,125,,,5,7,16,2016-04-22 05:54:07.552877,2016-04-22 05:54:07.552877
426,125,,,6,9,32,2016-04-22 05:55:07.435393,2016-04-22 05:55:07.435393
427,125,,,6,8,24,2016-04-22 05:55:22.479795,2016-04-22 05:55:22.479795
428,125,,,6,7,16,2016-04-22 05:55:39.912968,2016-04-22 05:55:39.912968
429,65,,,4,9,16,2016-04-22 05:56:02.950197,2016-04-22 05:56:02.950197
430,65,,,4,8,12,2016-04-22 05:56:20.327419,2016-04-22 05:56:20.327419
431,65,,,4,7,8,2016-04-22 05:56:31.162678,2016-04-22 05:56:31.162678
432,65,,,5,9,16,2016-04-22 05:59:51.297003,2016-04-22 05:59:51.297003
433,65,,,5,8,24,2016-04-22 06:00:01.114894,2016-04-22 06:00:01.114894
434,65,,,5,7,16,2016-04-22 06:00:14.655961,2016-04-22 06:00:14.655961
435,65,,,6,9,32,2016-04-22 06:00:30.493322,2016-04-22 06:00:30.493322
436,65,,,6,8,24,2016-04-22 06:00:40.252459,2016-04-22 06:00:40.252459
437,65,,,6,7,16,2016-04-22 06:00:51.090623,2016-04-22 06:00:51.090623
438,177,,,4,9,16,2016-04-22 06:01:12.109289,2016-04-22 06:01:12.109289
439,177,,,4,8,12,2016-04-22 06:01:22.120082,2016-04-22 06:01:22.120082
440,177,,,4,7,8,2016-04-22 06:01:32.639592,2016-04-22 06:01:32.639592
441,177,,,5,9,16,2016-04-22 06:02:08.462207,2016-04-22 06:02:08.462207
442,177,,,5,8,24,2016-04-22 06:02:19.714708,2016-04-22 06:02:19.714708
443,177,,,5,7,16,2016-04-22 06:02:28.362225,2016-04-22 06:02:28.362225
444,177,,,6,9,32,2016-04-22 06:02:42.720496,2016-04-22 06:02:42.720496
445,177,,,6,8,24,2016-04-22 06:02:54.351040,2016-04-22 06:02:54.351040
446,177,,,6,7,16,2016-04-22 06:03:05.559232,2016-04-22 06:03:05.559232
447,144,,,4,9,16,2016-04-23 06:30:04.947829,2016-04-23 06:30:04.947829
448,144,,,4,8,12,2016-04-23 06:30:15.976679,2016-04-23 06:30:15.976679
449,144,,,4,7,8,2016-04-23 06:30:27.575465,2016-04-23 06:30:27.575465
450,144,,,5,9,16,2016-04-23 06:30:41.184708,2016-04-23 06:30:41.184708
451,144,,,5,8,24,2016-04-23 06:30:52.118636,2016-04-23 06:30:52.118636
452,144,,,5,7,16,2016-04-23 06:31:04.807310,2016-04-23 06:31:04.807310
453,144,,,6,9,32,2016-04-23 06:31:17.691008,2016-04-23 06:31:17.691008
454,144,,,6,8,24,2016-04-23 06:31:28.392751,2016-04-23 06:31:28.392751
455,144,,,6,7,16,2016-04-23 06:31:41.795489,2016-04-23 06:31:41.795489
456,88,,,4,9,16,2016-04-23 06:33:14.634064,2016-04-23 06:33:14.634064
457,88,,,4,8,12,2016-04-23 06:33:24.806550,2016-04-23 06:33:24.806550
458,88,,,4,7,8,2016-04-23 06:33:40.265279,2016-04-23 06:33:40.265279
459,88,,,5,9,16,2016-04-23 06:37:07.431653,2016-04-23 06:37:07.431653
460,88,,,5,8,24,2016-04-23 06:37:17.862369,2016-04-23 06:37:17.862369
461,88,,,5,7,16,2016-04-23 06:37:29.521884,2016-04-23 06:37:29.521884
462,88,,,6,9,32,2016-04-23 06:37:48.325063,2016-04-23 06:37:48.325063
463,88,,,6,8,24,2016-04-23 06:37:58.809781,2016-04-23 06:37:58.809781
464,88,,,6,7,16,2016-04-23 06:38:10.012001,2016-04-23 06:38:10.012001
465,194,,,4,9,16,2016-04-23 06:38:27.571433,2016-04-23 06:38:27.571433
466,194,,,4,8,12,2016-04-23 06:38:43.278924,2016-04-23 06:38:43.278924
467,194,,,4,7,8,2016-04-23 06:38:55.280939,2016-04-23 06:38:55.280939
468,194,,,5,9,16,2016-04-23 06:39:12.625416,2016-04-23 06:39:12.625416
469,194,,,5,8,24,2016-04-23 06:39:26.493180,2016-04-23 06:39:26.493180
470,194,,,5,7,16,2016-04-23 06:39:36.418097,2016-04-23 06:39:36.418097
471,194,,,6,9,32,2016-04-23 06:39:48.164537,2016-04-23 06:39:48.164537
472,194,,,6,8,24,2016-04-23 06:40:03.745228,2016-04-23 06:40:03.745228
473,194,,,6,7,16,2016-04-23 06:40:16.794454,2016-04-23 06:40:16.794454
474,147,,,4,9,16,2016-04-23 06:42:13.766970,2016-04-23 06:42:13.766970
475,147,,,4,8,12,2016-04-23 06:42:23.415904,2016-04-23 06:42:23.415904
476,147,,,4,7,8,2016-04-23 06:42:32.956711,2016-04-23 06:42:32.956711
477,147,,,5,9,16,2016-04-23 06:42:52.202667,2016-04-23 06:42:52.202667
478,147,,,5,8,24,2016-04-23 06:43:05.023206,2016-04-23 06:43:05.023206
479,147,,,5,7,16,2016-04-23 06:43:16.106703,2016-04-23 06:43:16.106703
480,147,,,6,9,32,2016-04-23 06:43:30.662714,2016-04-23 06:43:30.662714
481,147,,,6,8,24,2016-04-23 06:43:43.227414,2016-04-23 06:43:43.227414
482,147,,,6,7,16,2016-04-23 06:43:55.149479,2016-04-23 06:43:55.149479
483,93,,,4,9,16,2016-04-23 06:46:57.426884,2016-04-23 06:46:57.426884
484,93,,,4,8,12,2016-04-23 06:47:08.355669,2016-04-23 06:47:08.355669
485,93,,,4,7,8,2016-04-23 06:47:20.266370,2016-04-23 06:47:20.266370
486,93,,,5,9,16,2016-04-23 06:47:34.139767,2016-04-23 06:47:34.139767
487,93,,,5,8,24,2016-04-23 06:47:46.719350,2016-04-23 06:47:46.719350
488,93,,,5,7,16,2016-04-23 06:47:56.919450,2016-04-23 06:47:56.919450
489,93,,,6,9,32,2016-04-23 06:48:08.676775,2016-04-23 06:48:08.676775
490,93,,,6,8,24,2016-04-23 06:48:19.108575,2016-04-23 06:48:19.108575
491,93,,,6,7,16,2016-04-23 06:48:29.730974,2016-04-23 06:48:29.730974
492,200,,,4,9,16,2016-04-23 06:48:46.613786,2016-04-23 06:48:46.613786
493,200,,,4,8,12,2016-04-23 06:48:55.889046,2016-04-23 06:48:55.889046
494,200,,,4,7,8,2016-04-23 06:49:12.114758,2016-04-23 06:49:12.114758
495,200,,,5,9,16,2016-04-23 06:49:26.556424,2016-04-23 06:49:26.556424
496,200,,,5,8,24,2016-04-23 06:49:35.771246,2016-04-23 06:49:35.771246
497,200,,,5,7,16,2016-04-23 06:49:45.875714,2016-04-23 06:49:45.875714
498,200,,,6,9,32,2016-04-23 06:50:00.606272,2016-04-23 06:50:00.606272
499,200,,,6,8,24,2016-04-23 06:50:12.675725,2016-04-23 06:50:12.675725
500,200,,,6,7,16,2016-04-23 06:50:22.947476,2016-04-23 06:50:22.947476
501,138,,,4,9,48,2016-04-23 06:58:05.727506,2016-04-23 06:58:05.727506
502,138,,,4,8,40,2016-04-23 06:58:19.247922,2016-04-23 06:58:19.247922
503,138,,,4,7,32,2016-04-23 06:58:29.474859,2016-04-23 06:58:29.474859
504,138,,,5,9,24,2016-04-23 06:58:42.080251,2016-04-23 06:58:42.080251
505,138,,,5,8,20,2016-04-23 06:58:52.691014,2016-04-23 06:58:52.691014
506,138,,,5,7,16,2016-04-23 06:59:03.867035,2016-04-23 06:59:03.867035
507,138,,,6,9,24,2016-04-23 06:59:30.841940,2016-04-23 06:59:30.841940
508,138,,,6,8,20,2016-04-23 06:59:42.576556,2016-04-23 06:59:42.576556
509,138,,,6,7,16,2016-04-23 06:59:52.629401,2016-04-23 06:59:52.629401
510,82,,,4,9,48,2016-04-23 07:00:17.788224,2016-04-23 07:00:17.788224
511,82,,,4,8,40,2016-04-23 07:00:27.961302,2016-04-23 07:00:27.961302
512,82,,,4,7,32,2016-04-23 07:00:41.543563,2016-04-23 07:00:41.543563
513,82,,,5,9,24,2016-04-23 07:00:59.131132,2016-04-23 07:00:59.131132
514,82,,,5,8,20,2016-04-23 07:01:09.580343,2016-04-23 07:01:09.580343
515,82,,,5,7,16,2016-04-23 07:01:20.205062,2016-04-23 07:01:20.205062
516,82,,,6,9,24,2016-04-23 07:01:35.076537,2016-04-23 07:01:35.076537
517,82,,,6,8,20,2016-04-23 07:01:46.729480,2016-04-23 07:01:46.729480
518,82,,,6,7,16,2016-04-23 07:01:58.221397,2016-04-23 07:01:58.221397
519,187,,,4,9,48,2016-04-23 07:02:23.933593,2016-04-23 07:02:23.933593
520,187,,,4,8,40,2016-04-23 07:02:40.320210,2016-04-23 07:02:40.320210
521,187,,,4,7,32,2016-04-23 07:02:50.547639,2016-04-23 07:02:50.547639
522,187,,,5,9,24,2016-04-23 07:03:18.591162,2016-04-23 07:03:18.591162
523,187,,,5,8,20,2016-04-23 07:03:32.152724,2016-04-23 07:03:32.152724
524,187,,,5,7,16,2016-04-23 07:03:46.372435,2016-04-23 07:03:46.372435
525,187,,,6,9,24,2016-04-23 07:04:00.186578,2016-04-23 07:04:00.186578
526,187,,,6,8,20,2016-04-23 07:04:11.502928,2016-04-23 07:04:11.502928
527,187,,,6,7,16,2016-04-23 07:04:21.682659,2016-04-23 07:04:21.682659
528,133,,,4,9,60,2016-04-23 07:05:15.767004,2016-04-23 07:05:15.767004
529,133,,,4,8,60,2016-04-23 07:05:21.771603,2016-04-23 07:05:21.771603
530,133,,,4,7,60,2016-04-23 07:05:57.838844,2016-04-23 07:05:57.838844
531,77,,,4,9,60,2016-04-23 07:06:11.970172,2016-04-23 07:06:11.970172
532,77,,,4,8,60,2016-04-23 07:06:17.293276,2016-04-23 07:06:17.293276
533,77,,,4,7,60,2016-04-23 07:06:22.082357,2016-04-23 07:06:22.082357
534,171,,,4,9,60,2016-04-23 07:06:30.272799,2016-04-23 07:06:30.272799
535,171,,,4,8,60,2016-04-23 07:06:35.173128,2016-04-23 07:06:35.173128
536,171,,,4,7,60,2016-04-23 07:06:39.804696,2016-04-23 07:06:39.804696
537,133,,,5,9,40,2016-04-23 07:07:13.061743,2016-04-23 07:07:13.061743
538,133,,,5,8,40,2016-04-23 07:07:17.993595,2016-04-23 07:07:17.993595
539,133,,,5,7,40,2016-04-23 07:07:22.701929,2016-04-23 07:07:22.701929
544,171,,,5,8,40,2016-04-23 07:08:01.740528,2016-04-23 07:08:01.740528
549,77,,,6,9,40,2016-04-23 07:08:43.443388,2016-04-23 07:08:43.443388
554,171,,,6,7,40,2016-04-23 07:09:09.782748,2016-04-23 07:09:09.782748
561,163,,,6,8,20,2016-04-23 07:11:08.981875,2016-04-23 07:11:08.981875
565,69,,,4,8,48,2016-04-23 07:13:26.615114,2016-04-23 07:13:26.615114
572,69,,,6,7,24,2016-04-23 07:14:19.207306,2016-04-23 07:14:19.207306
577,120,,,5,8,24,2016-04-23 07:17:06.083557,2016-04-23 07:17:06.083557
581,120,,,6,7,24,2016-04-23 07:18:04.413096,2016-04-23 07:18:04.413096
586,173,,,5,8,40,2016-04-23 07:18:59.147187,2016-04-23 07:18:59.147187
592,99,,,4,8,32,2016-04-23 07:23:45.944234,2016-04-23 07:23:45.944234
597,153,,,6,8,24,2016-04-23 07:24:37.942242,2016-04-23 07:24:37.942242
599,174,,,6,8,24,2016-04-23 07:24:50.283299,2016-04-23 07:24:50.283299
604,123,,,5,8,28,2016-04-23 07:26:04.412000,2016-04-23 07:26:04.412000
540,77,,,5,9,40,2016-04-23 07:07:36.665512,2016-04-23 07:07:36.665512
541,77,,,5,8,40,2016-04-23 07:07:40.680368,2016-04-23 07:07:40.680368
545,171,,,5,7,40,2016-04-23 07:08:06.999765,2016-04-23 07:08:06.999765
546,133,,,6,9,40,2016-04-23 07:08:24.020388,2016-04-23 07:08:24.020388
550,77,,,6,8,40,2016-04-23 07:08:48.033768,2016-04-23 07:08:48.033768
551,77,,,6,7,40,2016-04-23 07:08:53.047754,2016-04-23 07:08:53.047754
555,163,,,4,8,40,2016-04-23 07:10:10.759260,2016-04-23 07:10:10.759260
556,109,,,4,8,40,2016-04-23 07:10:17.063794,2016-04-23 07:10:17.063794
562,109,,,6,8,20,2016-04-23 07:11:14.737967,2016-04-23 07:11:14.737967
566,69,,,4,7,48,2016-04-23 07:13:31.275648,2016-04-23 07:13:31.275648
569,69,,,5,7,24,2016-04-23 07:13:55.741252,2016-04-23 07:13:55.741252
573,120,,,4,9,48,2016-04-23 07:16:37.206847,2016-04-23 07:16:37.206847
574,120,,,4,8,48,2016-04-23 07:16:41.792039,2016-04-23 07:16:41.792039
578,120,,,5,7,24,2016-04-23 07:17:15.499228,2016-04-23 07:17:15.499228
582,173,,,4,9,60,2016-04-23 07:18:32.675710,2016-04-23 07:18:32.675710
583,173,,,4,8,60,2016-04-23 07:18:37.398418,2016-04-23 07:18:37.398418
587,173,,,5,7,40,2016-04-23 07:19:04.225867,2016-04-23 07:19:04.225867
588,173,,,6,9,40,2016-04-23 07:19:16.964197,2016-04-23 07:19:16.964197
593,174,,,4,8,32,2016-04-23 07:23:51.073575,2016-04-23 07:23:51.073575
594,153,,,5,8,24,2016-04-23 07:24:05.816360,2016-04-23 07:24:05.816360
598,99,,,6,8,24,2016-04-23 07:24:44.112494,2016-04-23 07:24:44.112494
600,123,,,4,9,56,2016-04-23 07:25:32.069265,2016-04-23 07:25:32.069265
601,123,,,4,8,56,2016-04-23 07:25:37.182728,2016-04-23 07:25:37.182728
605,123,,,5,7,28,2016-04-23 07:26:09.755178,2016-04-23 07:26:09.755178
606,123,,,6,9,28,2016-04-23 07:26:21.405012,2016-04-23 07:26:21.405012
542,77,,,5,7,40,2016-04-23 07:07:45.535021,2016-04-23 07:07:45.535021
547,133,,,6,8,40,2016-04-23 07:08:28.071395,2016-04-23 07:08:28.071395
552,171,,,6,9,40,2016-04-23 07:09:00.231626,2016-04-23 07:09:00.231626
557,172,,,4,8,40,2016-04-23 07:10:24.910456,2016-04-23 07:10:24.910456
559,109,,,5,8,20,2016-04-23 07:10:48.201955,2016-04-23 07:10:48.201955
563,172,,,6,8,20,2016-04-23 07:11:21.452206,2016-04-23 07:11:21.452206
567,69,,,5,9,24,2016-04-23 07:13:44.125029,2016-04-23 07:13:44.125029
570,69,,,6,9,24,2016-04-23 07:14:08.648600,2016-04-23 07:14:08.648600
575,120,,,4,7,48,2016-04-23 07:16:46.765837,2016-04-23 07:16:46.765837
579,120,,,6,9,24,2016-04-23 07:17:54.790464,2016-04-23 07:17:54.790464
584,173,,,4,7,60,2016-04-23 07:18:41.872063,2016-04-23 07:18:41.872063
589,173,,,6,8,40,2016-04-23 07:19:21.285599,2016-04-23 07:19:21.285599
595,99,,,5,8,24,2016-04-23 07:24:13.458867,2016-04-23 07:24:13.458867
602,123,,,4,7,56,2016-04-23 07:25:41.689721,2016-04-23 07:25:41.689721
607,123,,,6,8,28,2016-04-23 07:26:25.898493,2016-04-23 07:26:25.898493
543,171,,,5,9,40,2016-04-23 07:07:56.645136,2016-04-23 07:07:56.645136
548,133,,,6,7,40,2016-04-23 07:08:33.480664,2016-04-23 07:08:33.480664
553,171,,,6,8,40,2016-04-23 07:09:04.204179,2016-04-23 07:09:04.204179
558,163,,,5,8,20,2016-04-23 07:10:40.276353,2016-04-23 07:10:40.276353
560,172,,,5,8,20,2016-04-23 07:10:54.247020,2016-04-23 07:10:54.247020
564,69,,,4,9,48,2016-04-23 07:13:20.996191,2016-04-23 07:13:20.996191
568,69,,,5,8,24,2016-04-23 07:13:49.943557,2016-04-23 07:13:49.943557
571,69,,,6,8,24,2016-04-23 07:14:13.461180,2016-04-23 07:14:13.461180
576,120,,,5,9,24,2016-04-23 07:17:02.272275,2016-04-23 07:17:02.272275
580,120,,,6,8,24,2016-04-23 07:17:59.713514,2016-04-23 07:17:59.713514
585,173,,,5,9,40,2016-04-23 07:18:54.825001,2016-04-23 07:18:54.825001
590,173,,,6,7,40,2016-04-23 07:19:26.373666,2016-04-23 07:19:26.373666
591,153,,,4,8,32,2016-04-23 07:23:35.269905,2016-04-23 07:23:35.269905
596,174,,,5,8,24,2016-04-23 07:24:21.788799,2016-04-23 07:24:21.788799
603,123,,,5,9,28,2016-04-23 07:25:57.424678,2016-04-23 07:25:57.424678
608,123,,,6,7,28,2016-04-23 07:26:33.262882,2016-04-23 07:26:33.262882
609,66,,,4,9,56,2016-04-23 07:26:55.736333,2016-04-23 07:26:55.736333
610,66,,,4,8,56,2016-04-23 07:27:00.634543,2016-04-23 07:27:00.634543
611,66,,,4,7,56,2016-04-23 07:27:04.689839,2016-04-23 07:27:04.689839
612,66,,,5,9,28,2016-04-23 07:27:16.014346,2016-04-23 07:27:16.014346
613,66,,,5,8,28,2016-04-23 07:27:20.299497,2016-04-23 07:27:20.299497
614,66,,,5,7,28,2016-04-23 07:27:28.511808,2016-04-23 07:27:28.511808
615,66,,,6,9,28,2016-04-23 07:27:39.308048,2016-04-23 07:27:39.308048
616,66,,,6,8,28,2016-04-23 07:27:45.333923,2016-04-23 07:27:45.333923
617,66,,,6,7,28,2016-04-23 07:27:50.554914,2016-04-23 07:27:50.554914
618,189,,,4,9,56,2016-04-23 07:28:07.316995,2016-04-23 07:28:07.316995
619,189,,,4,8,56,2016-04-23 07:28:14.252295,2016-04-23 07:28:14.252295
620,189,,,4,7,56,2016-04-23 07:28:19.411909,2016-04-23 07:28:19.411909
621,189,,,5,9,28,2016-04-23 07:28:33.055211,2016-04-23 07:28:33.055211
622,189,,,5,8,28,2016-04-23 07:28:38.391414,2016-04-23 07:28:38.391414
623,189,,,5,7,28,2016-04-23 07:28:44.799359,2016-04-23 07:28:44.799359
624,189,,,6,9,28,2016-04-23 07:28:53.416657,2016-04-23 07:28:53.416657
625,189,,,6,8,28,2016-04-23 07:28:58.359596,2016-04-23 07:28:58.359596
626,189,,,6,7,28,2016-04-23 07:29:03.532857,2016-04-23 07:29:03.532857
627,134,,,4,9,36,2016-04-23 07:38:53.215788,2016-04-23 07:38:53.215788
628,134,,,4,8,36,2016-04-23 07:38:59.710981,2016-04-23 07:38:59.710981
629,134,,,4,7,36,2016-04-23 07:39:07.954904,2016-04-23 07:39:07.954904
630,134,,,5,9,24,2016-04-23 07:39:24.092232,2016-04-23 07:39:24.092232
631,134,,,5,8,24,2016-04-23 07:39:29.602954,2016-04-23 07:39:29.602954
632,134,,,5,7,24,2016-04-23 07:39:35.077257,2016-04-23 07:39:35.077257
633,134,,,6,9,24,2016-04-23 07:39:45.585042,2016-04-23 07:39:45.585042
634,134,,,6,8,24,2016-04-23 07:39:52.770206,2016-04-23 07:39:52.770206
635,134,,,6,7,24,2016-04-23 07:39:58.493035,2016-04-23 07:39:58.493035
636,78,,,4,9,36,2016-04-23 07:40:19.027089,2016-04-23 07:40:19.027089
637,78,,,4,8,36,2016-04-23 07:40:24.000086,2016-04-23 07:40:24.000086
638,78,,,4,7,36,2016-04-23 07:40:33.807840,2016-04-23 07:40:33.807840
639,175,,,4,9,36,2016-04-23 07:40:45.405067,2016-04-23 07:40:45.405067
640,175,,,4,8,36,2016-04-23 07:40:50.856519,2016-04-23 07:40:50.856519
641,175,,,4,7,36,2016-04-23 07:40:56.226049,2016-04-23 07:40:56.226049
642,78,,,5,9,24,2016-04-23 07:41:19.571109,2016-04-23 07:41:19.571109
643,78,,,5,8,24,2016-04-23 07:41:25.051796,2016-04-23 07:41:25.051796
644,78,,,5,7,24,2016-04-23 07:41:30.025731,2016-04-23 07:41:30.025731
645,175,,,5,9,24,2016-04-23 07:41:38.454250,2016-04-23 07:41:38.454250
646,175,,,5,8,24,2016-04-23 07:41:42.912326,2016-04-23 07:41:42.912326
647,175,,,5,7,24,2016-04-23 07:41:48.418635,2016-04-23 07:41:48.418635
648,78,,,6,9,24,2016-04-23 07:42:02.245258,2016-04-23 07:42:02.245258
649,78,,,6,8,24,2016-04-23 07:42:07.131175,2016-04-23 07:42:07.131175
650,78,,,6,7,24,2016-04-23 07:42:13.569089,2016-04-23 07:42:13.569089
651,175,,,6,9,24,2016-04-23 07:42:23.708032,2016-04-23 07:42:23.708032
652,175,,,6,8,24,2016-04-23 07:42:29.640294,2016-04-23 07:42:29.640294
653,175,,,6,7,24,2016-04-23 07:42:36.118569,2016-04-23 07:42:36.118569
654,156,,,4,8,56,2016-04-23 07:47:07.000845,2016-04-23 07:47:07.000845
655,68,,,4,8,56,2016-04-23 07:47:14.418661,2016-04-23 07:47:14.418661
656,208,,,4,8,56,2016-04-23 07:47:19.513229,2016-04-23 07:47:19.513229
657,156,,,5,8,28,2016-04-23 07:47:35.732346,2016-04-23 07:47:35.732346
658,68,,,5,8,28,2016-04-23 07:47:46.825489,2016-04-23 07:47:46.825489
659,208,,,5,8,28,2016-04-23 07:47:53.168196,2016-04-23 07:47:53.168196
660,156,,,6,8,28,2016-04-23 07:48:07.070649,2016-04-23 07:48:07.070649
661,68,,,6,8,28,2016-04-23 07:48:13.211220,2016-04-23 07:48:13.211220
662,208,,,6,8,28,2016-04-23 07:48:18.634895,2016-04-23 07:48:18.634895
663,159,,,4,8,56,2016-04-23 07:49:59.843321,2016-04-23 07:49:59.843321
664,67,,,4,8,56,2016-04-23 07:50:26.603983,2016-04-23 07:50:26.603983
665,211,,,4,8,56,2016-04-23 07:50:32.931305,2016-04-23 07:50:32.931305
666,159,,,5,8,28,2016-04-23 07:50:49.399772,2016-04-23 07:50:49.399772
667,67,,,5,8,28,2016-04-23 07:50:57.280044,2016-04-23 07:50:57.280044
668,211,,,5,8,28,2016-04-23 07:51:05.942366,2016-04-23 07:51:05.942366
669,159,,,6,8,28,2016-04-23 07:51:19.627829,2016-04-23 07:51:19.627829
670,67,,,6,8,28,2016-04-23 07:51:31.410489,2016-04-23 07:51:31.410489
671,211,,,6,8,28,2016-04-23 07:51:37.565581,2016-04-23 07:51:37.565581
672,152,,,4,9,60,2016-04-23 07:53:59.111146,2016-04-23 07:53:59.111146
673,152,,,4,8,60,2016-04-23 07:54:04.368175,2016-04-23 07:54:04.368175
674,152,,,4,7,60,2016-04-23 07:54:09.870677,2016-04-23 07:54:09.870677
675,152,,,5,9,40,2016-04-23 07:54:24.952349,2016-04-23 07:54:24.952349
676,152,,,5,8,40,2016-04-23 07:54:30.220292,2016-04-23 07:54:30.220292
677,152,,,5,7,40,2016-04-23 07:54:35.361370,2016-04-23 07:54:35.361370
678,152,,,6,9,60,2016-04-23 07:54:47.430441,2016-04-23 07:54:47.430441
679,152,,,6,8,60,2016-04-23 07:54:52.117601,2016-04-23 07:54:52.117601
680,152,,,6,7,60,2016-04-23 07:54:57.504996,2016-04-23 07:54:57.504996
681,98,,,4,9,60,2016-04-23 07:55:15.530857,2016-04-23 07:55:15.530857
682,98,,,4,8,60,2016-04-23 07:55:20.528846,2016-04-23 07:55:20.528846
683,98,,,4,7,60,2016-04-23 07:55:25.281803,2016-04-23 07:55:25.281803
684,98,,,5,9,40,2016-04-23 07:55:42.162625,2016-04-23 07:55:42.162625
685,98,,,5,8,40,2016-04-23 07:55:46.866076,2016-04-23 07:55:46.866076
686,98,,,5,7,40,2016-04-23 07:55:51.844570,2016-04-23 07:55:51.844570
687,98,,,6,9,60,2016-04-23 07:56:11.122980,2016-04-23 07:56:11.122980
688,98,,,6,8,60,2016-04-23 07:56:16.201561,2016-04-23 07:56:16.201561
689,98,,,6,7,60,2016-04-23 07:56:21.349436,2016-04-23 07:56:21.349436
690,205,,,4,9,60,2016-04-23 07:56:40.902114,2016-04-23 07:56:40.902114
691,205,,,4,8,60,2016-04-23 07:56:47.509012,2016-04-23 07:56:47.509012
692,205,,,4,7,60,2016-04-23 07:56:56.214687,2016-04-23 07:56:56.214687
693,205,,,5,9,40,2016-04-23 07:57:15.443763,2016-04-23 07:57:15.443763
694,205,,,5,8,40,2016-04-23 07:57:21.791539,2016-04-23 07:57:21.791539
695,205,,,5,7,40,2016-04-23 07:57:27.534513,2016-04-23 07:57:27.534513
696,205,,,6,9,60,2016-04-23 07:57:46.296636,2016-04-23 07:57:46.296636
697,205,,,6,8,60,2016-04-23 07:57:51.400382,2016-04-23 07:57:51.400382
698,205,,,6,7,60,2016-04-23 07:57:56.244609,2016-04-23 07:57:56.244609
699,141,,,4,9,32,2016-04-23 11:29:15.143827,2016-04-23 11:29:15.143827
700,141,,,4,8,32,2016-04-23 11:29:22.263432,2016-04-23 11:29:22.263432
701,141,,,4,7,32,2016-04-23 11:29:29.858379,2016-04-23 11:29:29.858379
702,141,,,5,9,24,2016-04-23 11:29:47.869549,2016-04-23 11:29:47.869549
703,141,,,5,8,24,2016-04-23 11:29:53.164392,2016-04-23 11:29:53.164392
704,141,,,5,7,24,2016-04-23 11:29:58.415255,2016-04-23 11:29:58.415255
705,141,,,6,9,24,2016-04-23 11:30:14.598298,2016-04-23 11:30:14.598298
706,141,,,6,8,24,2016-04-23 11:30:20.250090,2016-04-23 11:30:20.250090
707,141,,,6,7,24,2016-04-23 11:30:26.869794,2016-04-23 11:30:26.869794
708,85,,,4,9,32,2016-04-23 11:30:45.625652,2016-04-23 11:30:45.625652
709,85,,,4,8,32,2016-04-23 11:30:51.147725,2016-04-23 11:30:51.147725
710,85,,,4,7,32,2016-04-23 11:30:57.091309,2016-04-23 11:30:57.091309
711,85,,,5,9,24,2016-04-23 11:31:13.714920,2016-04-23 11:31:13.714920
712,85,,,5,8,24,2016-04-23 11:31:19.086742,2016-04-23 11:31:19.086742
713,85,,,5,7,24,2016-04-23 11:31:25.984875,2016-04-23 11:31:25.984875
718,191,,,4,8,32,2016-04-23 11:32:50.584173,2016-04-23 11:32:50.584173
714,85,,,6,9,24,2016-04-23 11:31:49.171516,2016-04-23 11:31:49.171516
719,191,,,4,7,32,2016-04-23 11:33:02.454739,2016-04-23 11:33:02.454739
715,85,,,6,8,24,2016-04-23 11:31:56.273866,2016-04-23 11:31:56.273866
720,191,,,5,9,24,2016-04-23 11:33:17.717974,2016-04-23 11:33:17.717974
716,85,,,6,7,24,2016-04-23 11:32:05.332703,2016-04-23 11:32:05.332703
721,191,,,5,8,24,2016-04-23 11:33:26.283648,2016-04-23 11:33:26.283648
717,191,,,4,9,32,2016-04-23 11:32:41.634401,2016-04-23 11:32:41.634401
722,191,,,5,7,24,2016-04-23 11:33:33.745037,2016-04-23 11:33:33.745037
723,191,,,6,9,24,2016-04-23 11:33:46.540746,2016-04-23 11:33:46.540746
724,191,,,6,8,24,2016-04-23 11:33:56.837324,2016-04-23 11:33:56.837324
725,191,,,6,7,24,2016-04-23 11:34:05.287370,2016-04-23 11:34:05.287370
726,142,,,4,9,48,2016-04-23 11:34:59.486164,2016-04-23 11:34:59.486164
727,142,,,4,8,48,2016-04-23 11:35:05.999700,2016-04-23 11:35:05.999700
728,142,,,4,7,48,2016-04-23 11:35:14.228325,2016-04-23 11:35:14.228325
729,142,,,5,9,24,2016-04-23 11:35:48.458249,2016-04-23 11:35:48.458249
730,142,,,5,8,24,2016-04-23 11:35:56.704141,2016-04-23 11:35:56.704141
731,142,,,5,7,24,2016-04-23 11:36:04.996116,2016-04-23 11:36:04.996116
732,142,,,6,9,32,2016-04-23 11:36:21.201553,2016-04-23 11:36:21.201553
733,142,,,6,8,32,2016-04-23 11:36:27.017822,2016-04-23 11:36:27.017822
734,142,,,6,7,32,2016-04-23 11:36:35.879901,2016-04-23 11:36:35.879901
735,86,,,4,9,48,2016-04-23 11:37:00.177378,2016-04-23 11:37:00.177378
736,86,,,4,8,48,2016-04-23 11:37:06.830211,2016-04-23 11:37:06.830211
737,86,,,4,7,48,2016-04-23 11:37:13.573280,2016-04-23 11:37:13.573280
738,86,,,5,9,24,2016-04-23 11:37:33.108269,2016-04-23 11:37:33.108269
739,86,,,5,8,24,2016-04-23 11:37:38.750322,2016-04-23 11:37:38.750322
740,86,,,5,7,24,2016-04-23 11:37:46.823641,2016-04-23 11:37:46.823641
741,86,,,6,9,32,2016-04-23 11:38:03.448526,2016-04-23 11:38:03.448526
742,86,,,6,8,32,2016-04-23 11:38:10.271802,2016-04-23 11:38:10.271802
743,86,,,6,7,32,2016-04-23 11:38:17.911659,2016-04-23 11:38:17.911659
744,192,,,4,9,48,2016-04-23 11:38:38.688024,2016-04-23 11:38:38.688024
745,192,,,4,8,48,2016-04-23 11:38:44.636914,2016-04-23 11:38:44.636914
746,192,,,4,7,48,2016-04-23 11:38:51.868661,2016-04-23 11:38:51.868661
747,192,,,5,9,24,2016-04-23 11:39:06.999200,2016-04-23 11:39:06.999200
748,192,,,5,8,24,2016-04-23 11:39:13.944478,2016-04-23 11:39:13.944478
749,192,,,5,7,24,2016-04-23 11:39:20.831092,2016-04-23 11:39:20.831092
750,192,,,6,9,32,2016-04-23 11:39:44.071521,2016-04-23 11:39:44.071521
751,192,,,6,8,32,2016-04-23 11:39:54.297333,2016-04-23 11:39:54.297333
752,192,,,6,7,32,2016-04-23 11:40:01.501415,2016-04-23 11:40:01.501415
753,165,,,4,9,48,2016-04-23 11:41:03.407833,2016-04-23 11:41:03.407833
754,165,,,4,8,48,2016-04-23 11:41:11.334777,2016-04-23 11:41:11.334777
755,165,,,4,7,48,2016-04-23 11:41:19.154241,2016-04-23 11:41:19.154241
756,165,,,5,9,24,2016-04-23 11:41:40.846605,2016-04-23 11:41:40.846605
757,165,,,5,8,24,2016-04-23 11:41:46.539200,2016-04-23 11:41:46.539200
758,165,,,5,7,24,2016-04-23 11:41:53.427401,2016-04-23 11:41:53.427401
759,165,,,6,9,32,2016-04-23 11:42:09.568544,2016-04-23 11:42:09.568544
760,165,,,6,8,32,2016-04-23 11:42:15.890705,2016-04-23 11:42:15.890705
761,165,,,6,7,32,2016-04-23 11:42:21.774928,2016-04-23 11:42:21.774928
762,111,,,4,9,48,2016-04-23 11:42:43.335639,2016-04-23 11:42:43.335639
763,111,,,4,8,48,2016-04-23 11:42:49.581953,2016-04-23 11:42:49.581953
764,111,,,4,7,48,2016-04-23 11:43:01.847660,2016-04-23 11:43:01.847660
765,111,,,5,9,24,2016-04-23 11:43:18.749354,2016-04-23 11:43:18.749354
766,111,,,5,8,24,2016-04-23 11:43:25.261279,2016-04-23 11:43:25.261279
767,111,,,5,7,24,2016-04-23 11:43:36.209856,2016-04-23 11:43:36.209856
768,111,,,6,9,32,2016-04-23 11:43:55.904798,2016-04-23 11:43:55.904798
769,111,,,6,8,32,2016-04-23 11:44:01.606961,2016-04-23 11:44:01.606961
770,111,,,6,7,32,2016-04-23 11:44:09.400597,2016-04-23 11:44:09.400597
771,218,,,4,9,48,2016-04-23 11:44:40.236077,2016-04-23 11:44:40.236077
772,218,,,4,8,48,2016-04-23 11:44:47.835613,2016-04-23 11:44:47.835613
773,218,,,4,7,48,2016-04-23 11:44:59.134406,2016-04-23 11:44:59.134406
774,218,,,5,9,24,2016-04-23 11:45:15.433629,2016-04-23 11:45:15.433629
775,218,,,5,8,24,2016-04-23 11:45:23.800462,2016-04-23 11:45:23.800462
776,218,,,5,7,24,2016-04-23 11:45:31.746133,2016-04-23 11:45:31.746133
777,218,,,6,9,32,2016-04-23 11:45:50.338527,2016-04-23 11:45:50.338527
778,218,,,6,8,32,2016-04-23 11:45:59.082057,2016-04-23 11:45:59.082057
779,218,,,6,7,32,2016-04-23 11:46:09.124629,2016-04-23 11:46:09.124629
780,119,,,4,9,88,2016-04-30 06:36:20.990863,2016-04-30 06:36:20.990863
781,119,,,4,8,80,2016-04-30 06:36:32.477277,2016-04-30 06:36:32.477277
782,119,,,4,7,60,2016-04-30 06:36:44.502277,2016-04-30 06:36:44.502277
783,119,,,5,9,44,2016-04-30 06:36:56.527863,2016-04-30 06:36:56.527863
784,119,,,5,8,40,2016-04-30 06:37:08.774119,2016-04-30 06:37:08.774119
785,119,,,5,7,30,2016-04-30 06:37:26.617929,2016-04-30 06:37:26.617929
786,119,,,6,9,44,2016-04-30 06:37:44.496035,2016-04-30 06:37:44.496035
787,119,,,6,8,40,2016-04-30 06:37:55.691546,2016-04-30 06:37:55.691546
788,119,,,6,7,30,2016-04-30 06:38:06.634187,2016-04-30 06:38:06.634187
789,107,,,4,9,88,2016-04-30 06:38:26.003894,2016-04-30 06:38:26.003894
790,107,,,4,8,80,2016-04-30 07:14:08.800343,2016-04-30 07:14:08.800343
791,107,,,4,7,60,2016-04-30 07:14:21.477568,2016-04-30 07:14:21.477568
792,107,,,5,9,44,2016-04-30 07:14:33.457764,2016-04-30 07:14:33.457764
793,107,,,5,8,40,2016-04-30 07:14:44.347604,2016-04-30 07:14:44.347604
794,107,,,5,7,30,2016-04-30 07:15:07.372164,2016-04-30 07:15:07.372164
795,107,,,6,9,44,2016-04-30 07:15:23.978938,2016-04-30 07:15:23.978938
796,107,,,6,8,40,2016-04-30 07:16:00.095600,2016-04-30 07:16:00.095600
797,107,,,6,7,30,2016-04-30 07:16:32.216023,2016-04-30 07:16:32.216023
798,215,,,4,9,88,2016-04-30 07:17:20.556251,2016-04-30 07:17:20.556251
799,215,,,4,8,80,2016-04-30 07:17:32.171764,2016-04-30 07:17:32.171764
800,215,,,4,7,60,2016-04-30 07:17:44.219478,2016-04-30 07:17:44.219478
801,215,,,5,9,44,2016-04-30 07:18:00.877762,2016-04-30 07:18:00.877762
802,215,,,5,8,40,2016-04-30 07:18:10.572379,2016-04-30 07:18:10.572379
803,215,,,5,7,30,2016-04-30 07:18:21.475920,2016-04-30 07:18:21.475920
804,215,,,6,9,44,2016-04-30 07:18:32.707041,2016-04-30 07:18:32.707041
805,215,,,6,8,40,2016-04-30 07:18:46.211932,2016-04-30 07:18:46.211932
806,215,,,6,7,30,2016-04-30 07:18:58.361429,2016-04-30 07:18:58.361429
807,149,,,4,9,40,2016-04-30 07:19:42.354998,2016-04-30 07:19:42.354998
808,149,,,4,8,40,2016-04-30 07:19:49.015318,2016-04-30 07:19:49.015318
809,149,,,4,7,40,2016-04-30 07:19:53.494786,2016-04-30 07:19:53.494786
810,95,,,4,9,40,2016-04-30 07:20:07.625241,2016-04-30 07:20:07.625241
811,95,,,4,8,40,2016-04-30 07:20:13.665964,2016-04-30 07:20:13.665964
812,95,,,4,7,40,2016-04-30 07:20:20.870833,2016-04-30 07:20:20.870833
813,203,,,4,9,40,2016-04-30 07:20:33.334056,2016-04-30 07:20:33.334056
814,203,,,4,8,40,2016-04-30 07:20:37.787616,2016-04-30 07:20:37.787616
815,203,,,4,7,40,2016-04-30 07:20:44.336941,2016-04-30 07:20:44.336941
816,149,,,5,9,30,2016-04-30 07:22:56.430468,2016-04-30 07:22:56.430468
817,149,,,5,8,30,2016-04-30 07:23:02.094152,2016-04-30 07:23:02.094152
818,149,,,5,7,30,2016-04-30 07:23:08.345536,2016-04-30 07:23:08.345536
819,95,,,5,9,30,2016-04-30 07:23:26.563965,2016-04-30 07:23:26.563965
820,95,,,5,8,30,2016-04-30 07:23:31.850213,2016-04-30 07:23:31.850213
821,95,,,5,7,30,2016-04-30 07:23:39.655818,2016-04-30 07:23:39.655818
822,203,,,5,9,30,2016-04-30 07:23:47.351084,2016-04-30 07:23:47.351084
823,203,,,5,8,30,2016-04-30 07:23:52.294668,2016-04-30 07:23:52.294668
824,203,,,5,7,30,2016-04-30 07:23:57.131537,2016-04-30 07:23:57.131537
825,149,,,6,9,40,2016-04-30 07:24:19.446713,2016-04-30 07:24:19.446713
826,149,,,6,8,40,2016-04-30 07:24:24.808729,2016-04-30 07:24:24.808729
827,149,,,6,7,40,2016-04-30 07:24:30.672581,2016-04-30 07:24:30.672581
828,95,,,6,9,40,2016-04-30 07:24:42.590662,2016-04-30 07:24:42.590662
829,95,,,6,8,40,2016-04-30 07:24:46.696163,2016-04-30 07:24:46.696163
830,95,,,6,7,40,2016-04-30 07:24:51.638599,2016-04-30 07:24:51.638599
831,203,,,6,9,40,2016-04-30 07:25:07.438141,2016-04-30 07:25:07.438141
832,203,,,6,8,40,2016-04-30 07:25:11.231158,2016-04-30 07:25:11.231158
833,203,,,6,7,40,2016-04-30 07:25:16.917652,2016-04-30 07:25:16.917652
834,146,,,4,9,40,2016-04-30 07:37:13.818599,2016-04-30 07:37:13.818599
835,146,,,4,8,40,2016-04-30 07:37:17.810635,2016-04-30 07:37:17.810635
836,146,,,4,7,40,2016-04-30 07:37:22.749086,2016-04-30 07:37:22.749086
837,91,,,4,9,40,2016-04-30 07:37:32.410189,2016-04-30 07:37:32.410189
838,91,,,4,8,40,2016-04-30 07:37:36.794981,2016-04-30 07:37:36.794981
839,91,,,4,7,40,2016-04-30 07:37:41.402799,2016-04-30 07:37:41.402799
840,197,,,4,9,40,2016-04-30 07:37:52.928913,2016-04-30 07:37:52.928913
841,197,,,4,8,40,2016-04-30 07:37:57.743580,2016-04-30 07:37:57.743580
842,197,,,4,7,40,2016-04-30 07:38:02.020121,2016-04-30 07:38:02.020121
843,146,,,5,9,50,2016-04-30 07:38:19.950903,2016-04-30 07:38:19.950903
844,146,,,5,8,50,2016-04-30 07:38:24.773706,2016-04-30 07:38:24.773706
845,146,,,5,7,50,2016-04-30 07:38:29.429204,2016-04-30 07:38:29.429204
846,91,,,5,9,50,2016-04-30 07:38:42.944727,2016-04-30 07:38:42.944727
847,91,,,5,8,50,2016-04-30 07:38:49.440752,2016-04-30 07:38:49.440752
848,91,,,5,7,50,2016-04-30 07:38:54.476316,2016-04-30 07:38:54.476316
849,197,,,5,9,50,2016-04-30 07:39:07.099353,2016-04-30 07:39:07.099353
850,197,,,5,8,50,2016-04-30 07:39:11.210818,2016-04-30 07:39:11.210818
851,197,,,5,7,50,2016-04-30 07:39:15.888980,2016-04-30 07:39:15.888980
852,146,,,6,9,40,2016-04-30 07:39:48.213803,2016-04-30 07:39:48.213803
853,146,,,6,8,40,2016-04-30 07:39:52.663944,2016-04-30 07:39:52.663944
854,146,,,6,7,40,2016-04-30 07:39:57.504459,2016-04-30 07:39:57.504459
855,91,,,6,9,40,2016-04-30 07:40:07.705759,2016-04-30 07:40:07.705759
856,91,,,6,8,40,2016-04-30 07:40:11.934978,2016-04-30 07:40:11.934978
857,91,,,6,7,40,2016-04-30 07:40:16.909740,2016-04-30 07:40:16.909740
858,197,,,6,9,40,2016-04-30 07:40:32.182157,2016-04-30 07:40:32.182157
859,197,,,6,8,40,2016-04-30 07:40:35.681033,2016-04-30 07:40:35.681033
860,197,,,6,7,40,2016-04-30 07:40:40.329501,2016-04-30 07:40:40.329501
861,126,,,4,9,168,2016-04-30 08:13:55.260432,2016-04-30 08:13:55.260432
862,126,,,4,8,168,2016-04-30 08:14:14.484225,2016-04-30 08:14:14.484225
863,126,,,4,7,168,2016-04-30 08:14:28.793747,2016-04-30 08:14:28.793747
864,126,,,5,9,32,2016-04-30 08:14:51.056500,2016-04-30 08:14:51.056500
865,126,,,5,8,32,2016-04-30 08:14:56.871592,2016-04-30 08:14:56.871592
866,126,,,5,7,32,2016-04-30 08:15:01.711007,2016-04-30 08:15:01.711007
867,126,,,6,9,168,2016-04-30 08:15:26.032592,2016-04-30 08:15:26.032592
868,126,,,6,8,168,2016-04-30 08:15:34.901062,2016-04-30 08:15:34.901062
869,126,,,6,7,168,2016-04-30 08:15:39.706743,2016-04-30 08:15:39.706743
870,71,,,4,9,168,2016-04-30 08:16:45.531999,2016-04-30 08:16:45.531999
871,71,,,4,8,168,2016-04-30 09:26:56.553264,2016-04-30 09:26:56.553264
872,71,,,4,7,168,2016-04-30 09:27:02.912049,2016-04-30 09:27:02.912049
873,71,,,5,9,32,2016-04-30 09:27:22.140099,2016-04-30 09:27:22.140099
874,71,,,5,8,32,2016-04-30 09:27:27.864814,2016-04-30 09:27:27.864814
875,71,,,5,7,32,2016-04-30 09:27:33.187031,2016-04-30 09:27:33.187031
876,71,,,6,9,168,2016-04-30 09:27:53.242673,2016-04-30 09:27:53.242673
877,71,,,6,8,168,2016-04-30 09:28:02.358138,2016-04-30 09:28:02.358138
878,71,,,6,7,168,2016-04-30 09:28:06.834285,2016-04-30 09:28:06.834285
879,178,,,4,9,168,2016-04-30 09:28:21.818132,2016-04-30 09:28:21.818132
880,178,,,4,8,168,2016-04-30 09:28:30.915598,2016-04-30 09:28:30.915598
881,178,,,4,7,168,2016-04-30 09:28:37.552348,2016-04-30 09:28:37.552348
882,178,,,5,9,32,2016-04-30 09:28:53.438932,2016-04-30 09:28:53.438932
883,178,,,5,8,32,2016-04-30 09:28:58.122974,2016-04-30 09:28:58.122974
884,178,,,5,7,32,2016-04-30 09:29:04.502196,2016-04-30 09:29:04.502196
885,178,,,6,9,168,2016-04-30 09:29:24.993997,2016-04-30 09:29:24.993997
886,178,,,6,8,168,2016-04-30 09:29:30.097732,2016-04-30 09:29:30.097732
887,178,,,6,7,168,2016-04-30 09:29:36.010396,2016-04-30 09:29:36.010396
888,139,,,4,9,8,2016-04-30 09:31:12.598199,2016-04-30 09:31:12.598199
889,139,,,4,8,8,2016-04-30 09:31:17.749455,2016-04-30 09:31:17.749455
890,139,,,4,7,8,2016-04-30 09:31:22.986628,2016-04-30 09:31:22.986628
891,83,,,4,9,8,2016-04-30 09:32:37.867120,2016-04-30 09:32:37.867120
892,83,,,4,8,8,2016-04-30 09:32:58.650944,2016-04-30 09:32:58.650944
893,83,,,4,7,8,2016-04-30 09:33:04.721437,2016-04-30 09:33:04.721437
894,188,,,4,9,8,2016-04-30 09:33:12.231032,2016-04-30 09:33:12.231032
895,188,,,4,8,8,2016-04-30 09:33:17.105208,2016-04-30 09:33:17.105208
896,188,,,4,7,8,2016-04-30 09:33:23.088958,2016-04-30 09:33:23.088958
897,139,,,5,9,16,2016-04-30 09:33:42.179738,2016-04-30 09:33:42.179738
898,139,,,5,8,16,2016-04-30 09:33:47.643764,2016-04-30 09:33:47.643764
899,139,,,5,7,16,2016-04-30 09:33:53.350288,2016-04-30 09:33:53.350288
900,83,,,5,9,16,2016-04-30 09:34:01.308430,2016-04-30 09:34:01.308430
901,83,,,5,8,16,2016-04-30 09:34:05.870691,2016-04-30 09:34:05.870691
902,83,,,5,7,16,2016-04-30 09:34:13.678369,2016-04-30 09:34:13.678369
903,188,,,5,9,16,2016-04-30 09:34:22.187430,2016-04-30 09:34:22.187430
904,188,,,5,8,16,2016-04-30 09:34:26.747258,2016-04-30 09:34:26.747258
905,188,,,5,7,16,2016-04-30 09:34:32.612730,2016-04-30 09:34:32.612730
906,139,,,6,9,16,2016-04-30 09:34:52.863859,2016-04-30 09:34:52.863859
907,139,,,6,8,16,2016-04-30 09:34:57.774820,2016-04-30 09:34:57.774820
908,139,,,6,7,16,2016-04-30 09:35:04.525715,2016-04-30 09:35:04.525715
909,83,,,6,9,16,2016-04-30 09:35:10.939523,2016-04-30 09:35:10.939523
910,83,,,6,8,16,2016-04-30 09:35:15.917314,2016-04-30 09:35:15.917314
911,83,,,6,7,16,2016-04-30 09:35:20.743182,2016-04-30 09:35:20.743182
912,188,,,6,9,16,2016-04-30 09:35:29.132021,2016-04-30 09:35:29.132021
913,188,,,6,8,16,2016-04-30 09:35:34.772785,2016-04-30 09:35:34.772785
914,188,,,6,7,16,2016-04-30 09:35:42.371791,2016-04-30 09:35:42.371791
915,121,,,4,9,40,2016-04-30 09:36:53.083186,2016-04-30 09:36:53.083186
916,121,,,4,8,40,2016-04-30 09:37:05.065043,2016-04-30 09:37:05.065043
917,121,,,4,7,40,2016-04-30 09:39:26.120869,2016-04-30 09:39:26.120869
918,121,,,5,9,20,2016-04-30 09:39:46.399725,2016-04-30 09:39:46.399725
919,121,,,5,8,20,2016-04-30 09:39:50.894448,2016-04-30 09:39:50.894448
920,121,,,5,7,20,2016-04-30 09:40:02.348048,2016-04-30 09:40:02.348048
921,121,,,6,9,20,2016-04-30 09:40:19.504469,2016-04-30 09:40:19.504469
922,121,,,6,8,20,2016-04-30 09:40:24.276316,2016-04-30 09:40:24.276316
923,121,,,6,7,20,2016-04-30 09:40:33.341019,2016-04-30 09:40:33.341019
924,92,,,4,9,40,2016-04-30 09:40:52.405640,2016-04-30 09:40:52.405640
925,92,,,4,8,40,2016-04-30 09:40:56.886945,2016-04-30 09:40:56.886945
926,92,,,4,7,40,2016-04-30 09:41:01.772980,2016-04-30 09:41:01.772980
927,92,,,5,9,20,2016-04-30 09:41:15.233076,2016-04-30 09:41:15.233076
928,92,,,5,8,20,2016-04-30 09:41:19.745605,2016-04-30 09:41:19.745605
929,92,,,5,7,20,2016-04-30 09:41:25.001696,2016-04-30 09:41:25.001696
930,92,,,6,9,20,2016-04-30 09:41:37.011493,2016-04-30 09:41:37.011493
931,92,,,6,8,20,2016-04-30 09:41:44.414846,2016-04-30 09:41:44.414846
932,92,,,6,7,20,2016-04-30 09:43:44.196842,2016-04-30 09:43:44.196842
933,199,,,4,9,40,2016-04-30 09:44:32.190802,2016-04-30 09:44:32.190802
934,199,,,4,8,40,2016-04-30 09:44:36.191634,2016-04-30 09:44:36.191634
935,199,,,4,7,40,2016-04-30 09:45:09.000746,2016-04-30 09:45:09.000746
936,199,,,5,9,20,2016-04-30 09:45:24.972267,2016-04-30 09:45:24.972267
937,199,,,5,8,20,2016-04-30 09:45:29.925426,2016-04-30 09:45:29.925426
938,199,,,5,7,20,2016-04-30 09:45:36.023651,2016-04-30 09:45:36.023651
939,199,,,6,9,20,2016-04-30 09:45:49.012938,2016-04-30 09:45:49.012938
940,199,,,6,8,20,2016-04-30 09:45:54.218131,2016-04-30 09:45:54.218131
941,199,,,6,7,20,2016-04-30 09:45:59.160225,2016-04-30 09:45:59.160225
942,132,,,4,9,32,2016-04-30 09:46:37.645842,2016-04-30 09:46:37.645842
943,132,,,4,8,32,2016-04-30 09:46:42.105329,2016-04-30 09:46:42.105329
944,132,,,4,7,32,2016-04-30 09:46:47.981597,2016-04-30 09:46:47.981597
945,76,,,4,9,32,2016-04-30 09:46:57.011184,2016-04-30 09:46:57.011184
946,76,,,4,8,32,2016-04-30 09:47:10.288328,2016-04-30 09:47:10.288328
947,76,,,4,7,32,2016-04-30 09:47:15.800057,2016-04-30 09:47:15.800057
948,183,,,4,9,32,2016-04-30 09:47:24.343409,2016-04-30 09:47:24.343409
949,183,,,4,8,32,2016-04-30 09:47:30.255883,2016-04-30 09:47:30.255883
950,183,,,4,7,32,2016-04-30 09:47:35.751836,2016-04-30 09:47:35.751836
951,132,,,5,9,24,2016-04-30 09:54:01.536437,2016-04-30 09:54:01.536437
952,132,,,5,8,24,2016-04-30 09:54:06.397279,2016-04-30 09:54:06.397279
953,132,,,5,7,24,2016-04-30 09:54:11.923223,2016-04-30 09:54:11.923223
954,76,,,5,9,24,2016-04-30 09:54:28.258608,2016-04-30 09:54:28.258608
955,76,,,5,8,24,2016-04-30 09:54:32.897875,2016-04-30 09:54:32.897875
956,76,,,5,7,24,2016-04-30 09:54:37.862274,2016-04-30 09:54:37.862274
957,183,,,5,9,24,2016-04-30 09:54:51.025767,2016-04-30 09:54:51.025767
958,183,,,5,8,24,2016-04-30 09:54:54.803106,2016-04-30 09:54:54.803106
959,183,,,5,7,24,2016-04-30 09:55:00.374439,2016-04-30 09:55:00.374439
960,132,,,6,9,24,2016-04-30 09:56:10.004150,2016-04-30 09:56:10.004150
961,132,,,6,8,24,2016-04-30 09:56:23.309304,2016-04-30 09:56:23.309304
962,132,,,6,7,24,2016-04-30 09:56:32.323246,2016-04-30 09:56:32.323246
963,76,,,6,9,24,2016-04-30 09:58:24.751216,2016-04-30 09:58:24.751216
964,76,,,6,8,24,2016-04-30 09:58:29.542708,2016-04-30 09:58:29.542708
965,76,,,6,7,24,2016-04-30 09:58:35.429829,2016-04-30 09:58:35.429829
966,183,,,6,9,24,2016-04-30 09:58:43.326040,2016-04-30 09:58:43.326040
967,183,,,6,8,24,2016-04-30 09:58:47.113136,2016-04-30 09:58:47.113136
968,183,,,6,7,24,2016-04-30 09:58:51.081703,2016-04-30 09:58:51.081703
969,122,,,4,9,56,2016-04-30 09:59:36.653717,2016-04-30 09:59:36.653717
970,122,,,4,8,56,2016-04-30 09:59:43.041448,2016-04-30 09:59:43.041448
971,122,,,4,7,56,2016-04-30 09:59:55.753009,2016-04-30 09:59:55.753009
972,103,,,4,9,56,2016-04-30 10:00:07.234397,2016-04-30 10:00:07.234397
973,103,,,4,8,56,2016-04-30 10:00:11.574825,2016-04-30 10:00:11.574825
974,103,,,4,7,56,2016-04-30 10:00:17.097931,2016-04-30 10:00:17.097931
975,209,,,4,9,56,2016-04-30 10:00:26.996761,2016-04-30 10:00:26.996761
976,209,,,4,8,56,2016-04-30 10:04:27.936429,2016-04-30 10:04:27.936429
977,209,,,4,7,56,2016-04-30 10:04:32.525272,2016-04-30 10:04:32.525272
978,122,,,5,9,28,2016-04-30 10:04:55.373664,2016-04-30 10:04:55.373664
979,122,,,5,8,28,2016-04-30 10:04:59.505518,2016-04-30 10:04:59.505518
980,122,,,5,7,28,2016-04-30 10:05:03.665109,2016-04-30 10:05:03.665109
981,103,,,5,9,28,2016-04-30 10:05:12.500245,2016-04-30 10:05:12.500245
982,103,,,5,8,28,2016-04-30 10:05:17.535192,2016-04-30 10:05:17.535192
983,103,,,5,7,28,2016-04-30 10:05:22.407993,2016-04-30 10:05:22.407993
984,209,,,5,9,28,2016-04-30 10:05:31.464512,2016-04-30 10:05:31.464512
985,209,,,5,8,28,2016-04-30 10:05:36.897854,2016-04-30 10:05:36.897854
986,209,,,5,7,28,2016-04-30 10:05:50.527942,2016-04-30 10:05:50.527942
987,122,,,6,9,28,2016-04-30 10:06:08.086111,2016-04-30 10:06:08.086111
988,122,,,6,8,28,2016-04-30 10:06:12.955694,2016-04-30 10:06:12.955694
989,122,,,6,7,28,2016-04-30 10:06:17.676118,2016-04-30 10:06:17.676118
990,103,,,6,9,28,2016-04-30 10:06:24.549578,2016-04-30 10:06:24.549578
991,103,,,6,8,28,2016-04-30 10:06:31.132015,2016-04-30 10:06:31.132015
992,103,,,6,7,28,2016-04-30 10:06:37.860827,2016-04-30 10:06:37.860827
993,209,,,6,9,28,2016-04-30 10:06:49.247137,2016-04-30 10:06:49.247137
994,209,,,6,8,28,2016-04-30 10:06:53.586658,2016-04-30 10:06:53.586658
995,209,,,6,7,28,2016-04-30 10:06:58.394628,2016-04-30 10:06:58.394628
996,131,,,4,9,40,2016-04-30 10:07:47.252510,2016-04-30 10:07:47.252510
997,131,,,4,8,40,2016-04-30 10:07:51.397542,2016-04-30 10:07:51.397542
998,131,,,4,7,40,2016-04-30 10:07:57.678294,2016-04-30 10:07:57.678294
999,75,,,4,9,40,2016-04-30 10:08:07.458727,2016-04-30 10:08:07.458727
1000,75,,,4,8,40,2016-04-30 10:08:12.144986,2016-04-30 10:08:12.144986
1001,75,,,4,7,40,2016-04-30 10:08:19.308140,2016-04-30 10:08:19.308140
1002,182,,,4,9,40,2016-04-30 10:08:29.883981,2016-04-30 10:08:29.883981
1003,182,,,4,8,40,2016-04-30 10:08:34.295356,2016-04-30 10:08:34.295356
1004,182,,,4,7,40,2016-04-30 10:08:41.154815,2016-04-30 10:08:41.154815
1005,131,,,5,9,32,2016-04-30 10:09:30.317673,2016-04-30 10:09:30.317673
1006,131,,,5,8,32,2016-04-30 10:09:34.569720,2016-04-30 10:09:34.569720
1007,131,,,5,7,32,2016-04-30 10:09:39.295117,2016-04-30 10:09:39.295117
1008,75,,,5,9,32,2016-04-30 10:09:52.080619,2016-04-30 10:09:52.080619
1009,75,,,5,8,32,2016-04-30 10:09:57.642710,2016-04-30 10:09:57.642710
1010,75,,,5,7,32,2016-04-30 10:10:02.608444,2016-04-30 10:10:02.608444
1011,182,,,5,9,32,2016-04-30 10:10:10.964740,2016-04-30 10:10:10.964740
1012,182,,,5,8,32,2016-04-30 10:10:15.803857,2016-04-30 10:10:15.803857
1013,182,,,5,7,32,2016-04-30 10:10:20.929947,2016-04-30 10:10:20.929947
1014,131,,,6,9,32,2016-04-30 10:10:35.880332,2016-04-30 10:10:35.880332
1015,131,,,6,8,32,2016-04-30 10:10:40.074656,2016-04-30 10:10:40.074656
1016,131,,,6,7,32,2016-04-30 10:10:44.749480,2016-04-30 10:10:44.749480
1017,75,,,6,9,32,2016-04-30 10:10:54.527354,2016-04-30 10:10:54.527354
1018,75,,,6,8,32,2016-04-30 10:11:00.064412,2016-04-30 10:11:00.064412
1019,75,,,6,7,32,2016-04-30 10:11:05.769783,2016-04-30 10:11:05.769783
1020,182,,,6,9,32,2016-04-30 10:11:16.984170,2016-04-30 10:11:16.984170
1021,182,,,6,8,32,2016-04-30 10:11:21.016852,2016-04-30 10:11:21.016852
1022,182,,,6,7,32,2016-04-30 10:11:26.086057,2016-04-30 10:11:26.086057
1023,137,,,4,9,12,2016-04-30 10:12:08.555168,2016-04-30 10:12:08.555168
1024,137,,,4,8,12,2016-04-30 10:12:13.894128,2016-04-30 10:12:13.894128
1025,137,,,4,7,12,2016-04-30 10:12:19.215937,2016-04-30 10:12:19.215937
1026,81,,,4,9,12,2016-04-30 10:12:29.202551,2016-04-30 10:12:29.202551
1027,81,,,4,8,12,2016-04-30 10:12:33.220898,2016-04-30 10:12:33.220898
1028,81,,,4,7,12,2016-04-30 10:12:41.008488,2016-04-30 10:12:41.008488
1029,186,,,4,9,12,2016-04-30 10:12:51.704325,2016-04-30 10:12:51.704325
1030,186,,,4,8,12,2016-04-30 10:12:55.502479,2016-04-30 10:12:55.502479
1031,186,,,4,7,12,2016-04-30 10:13:00.151016,2016-04-30 10:13:00.151016
1032,137,,,5,9,12,2016-04-30 10:13:14.319342,2016-04-30 10:13:14.319342
1033,137,,,5,8,12,2016-04-30 10:13:18.583093,2016-04-30 10:13:18.583093
1034,137,,,5,7,12,2016-04-30 10:13:25.875380,2016-04-30 10:13:25.875380
1035,81,,,5,9,12,2016-04-30 10:13:34.893440,2016-04-30 10:13:34.893440
1036,81,,,5,8,12,2016-04-30 10:13:38.728574,2016-04-30 10:13:38.728574
1037,81,,,5,7,12,2016-04-30 10:13:44.572722,2016-04-30 10:13:44.572722
1038,186,,,5,9,12,2016-04-30 10:13:52.711939,2016-04-30 10:13:52.711939
1039,186,,,5,8,12,2016-04-30 10:13:57.319737,2016-04-30 10:13:57.319737
1040,186,,,5,7,12,2016-04-30 10:14:03.406439,2016-04-30 10:14:03.406439
1041,137,,,6,9,12,2016-04-30 10:14:18.132951,2016-04-30 10:14:18.132951
1042,137,,,6,8,12,2016-04-30 10:14:22.448936,2016-04-30 10:14:22.448936
1043,137,,,6,7,12,2016-04-30 10:14:28.270275,2016-04-30 10:14:28.270275
1044,81,,,6,9,12,2016-04-30 10:14:35.082519,2016-04-30 10:14:35.082519
1045,81,,,6,8,12,2016-04-30 10:14:39.067441,2016-04-30 10:14:39.067441
1046,81,,,6,7,12,2016-04-30 10:14:44.404049,2016-04-30 10:14:44.404049
1047,186,,,6,9,12,2016-04-30 10:14:50.362363,2016-04-30 10:14:50.362363
1048,186,,,6,8,12,2016-04-30 10:14:54.411640,2016-04-30 10:14:54.411640
1049,186,,,6,7,12,2016-04-30 10:14:59.405969,2016-04-30 10:14:59.405969
1050,127,,,4,9,80,2016-04-30 10:24:37.293965,2016-04-30 10:24:37.293965
1051,127,,,4,8,80,2016-04-30 10:24:46.233100,2016-04-30 10:24:46.233100
1052,127,,,4,7,80,2016-04-30 10:25:00.530467,2016-04-30 10:25:00.530467
1053,127,,,5,9,40,2016-04-30 10:25:14.386505,2016-04-30 10:25:14.386505
1054,127,,,5,8,40,2016-04-30 10:25:25.289377,2016-04-30 10:25:25.289377
1055,127,,,5,7,40,2016-04-30 10:25:33.500337,2016-04-30 10:25:33.500337
1056,127,,,6,9,40,2016-04-30 10:25:43.708367,2016-04-30 10:25:43.708367
1057,127,,,6,8,40,2016-04-30 10:25:49.332756,2016-04-30 10:25:49.332756
1058,127,,,6,8,40,2016-04-30 10:26:01.747720,2016-04-30 10:26:01.747720
1059,127,,,6,7,40,2016-04-30 10:26:11.055407,2016-04-30 10:26:11.055407
1060,72,,,4,9,80,2016-04-30 10:26:27.697781,2016-04-30 10:26:27.697781
1061,72,,,4,8,80,2016-04-30 10:26:32.695215,2016-04-30 10:26:32.695215
1062,72,,,4,7,80,2016-04-30 10:26:40.054577,2016-04-30 10:26:40.054577
1063,72,,,5,9,40,2016-04-30 10:26:55.359707,2016-04-30 10:26:55.359707
1064,72,,,5,8,40,2016-04-30 10:26:59.349731,2016-04-30 10:26:59.349731
1065,72,,,5,7,40,2016-04-30 10:27:03.610418,2016-04-30 10:27:03.610418
1066,72,,,6,9,40,2016-04-30 10:27:19.691616,2016-04-30 10:27:19.691616
1067,72,,,6,8,40,2016-04-30 10:27:23.428722,2016-04-30 10:27:23.428722
1068,72,,,6,7,40,2016-04-30 10:27:32.591732,2016-04-30 10:27:32.591732
1069,179,,,4,9,80,2016-04-30 10:27:59.370079,2016-04-30 10:27:59.370079
1070,179,,,4,8,80,2016-04-30 10:28:06.990300,2016-04-30 10:28:06.990300
1071,179,,,4,7,80,2016-04-30 10:28:11.786774,2016-04-30 10:28:11.786774
1072,179,,,5,9,40,2016-04-30 10:28:28.748902,2016-04-30 10:28:28.748902
1073,179,,,5,8,40,2016-04-30 10:28:33.830097,2016-04-30 10:28:33.830097
1074,179,,,5,7,40,2016-04-30 10:28:40.126223,2016-04-30 10:28:40.126223
1075,179,,,6,9,40,2016-04-30 10:28:51.577577,2016-04-30 10:28:51.577577
1076,179,,,6,8,40,2016-04-30 10:28:55.593996,2016-04-30 10:28:55.593996
1077,179,,,6,7,40,2016-04-30 10:28:59.406326,2016-04-30 10:28:59.406326
1078,128,,,4,9,56,2016-04-30 10:29:34.263701,2016-04-30 10:29:34.263701
1079,128,,,4,8,56,2016-04-30 10:29:38.247190,2016-04-30 10:29:38.247190
1080,128,,,4,7,56,2016-04-30 10:29:43.203469,2016-04-30 10:29:43.203469
1081,73,,,4,9,56,2016-04-30 10:30:07.133055,2016-04-30 10:30:07.133055
1082,73,,,4,8,56,2016-04-30 10:30:11.383010,2016-04-30 10:30:11.383010
1083,73,,,4,7,56,2016-04-30 10:30:17.298224,2016-04-30 10:30:17.298224
1084,180,,,4,9,56,2016-04-30 10:30:27.650822,2016-04-30 10:30:27.650822
1085,180,,,4,8,56,2016-04-30 10:30:31.018720,2016-04-30 10:30:31.018720
1086,180,,,4,7,56,2016-04-30 10:30:35.168120,2016-04-30 10:30:35.168120
1087,128,,,5,9,28,2016-04-30 10:30:54.464088,2016-04-30 10:30:54.464088
1088,128,,,5,8,28,2016-04-30 10:30:58.064124,2016-04-30 10:30:58.064124
1089,128,,,5,7,28,2016-04-30 10:31:02.844299,2016-04-30 10:31:02.844299
1090,73,,,5,9,28,2016-04-30 10:31:09.514327,2016-04-30 10:31:09.514327
1091,73,,,5,8,28,2016-04-30 10:31:14.224796,2016-04-30 10:31:14.224796
1092,73,,,5,7,28,2016-04-30 10:31:20.730115,2016-04-30 10:31:20.730115
1093,180,,,5,9,28,2016-04-30 10:31:30.669730,2016-04-30 10:31:30.669730
1094,180,,,5,8,28,2016-04-30 10:31:34.390870,2016-04-30 10:31:34.390870
1095,180,,,5,7,28,2016-04-30 10:31:40.275124,2016-04-30 10:31:40.275124
1096,128,,,6,9,28,2016-04-30 10:31:57.927195,2016-04-30 10:31:57.927195
1097,128,,,6,8,28,2016-04-30 10:32:01.928429,2016-04-30 10:32:01.928429
1098,128,,,6,7,28,2016-04-30 10:32:08.266703,2016-04-30 10:32:08.266703
1099,73,,,6,9,28,2016-04-30 10:32:17.977304,2016-04-30 10:32:17.977304
1100,73,,,6,8,28,2016-04-30 10:32:23.289708,2016-04-30 10:32:23.289708
1101,73,,,6,7,28,2016-04-30 10:32:28.059767,2016-04-30 10:32:28.059767
1102,180,,,6,9,28,2016-04-30 10:32:34.763435,2016-04-30 10:32:34.763435
1103,180,,,6,8,28,2016-04-30 10:32:39.049652,2016-04-30 10:32:39.049652
1104,180,,,6,7,28,2016-04-30 10:32:44.040291,2016-04-30 10:32:44.040291
1105,160,,,4,9,56,2016-04-30 10:42:05.483574,2016-04-30 10:42:05.483574
1107,160,,,4,7,56,2016-04-30 10:42:16.568081,2016-04-30 10:42:16.568081
1108,105,,,4,9,56,2016-04-30 10:42:25.197911,2016-04-30 10:42:25.197911
1109,105,,,4,8,56,2016-04-30 10:42:29.808405,2016-04-30 10:42:29.808405
1111,213,,,4,9,56,2016-04-30 10:42:46.556246,2016-04-30 10:42:46.556246
1113,213,,,4,7,56,2016-04-30 10:42:56.068116,2016-04-30 10:42:56.068116
1115,160,,,5,8,28,2016-04-30 10:43:28.805090,2016-04-30 10:43:28.805090
1117,105,,,5,9,28,2016-04-30 10:43:45.360657,2016-04-30 10:43:45.360657
1120,213,,,5,9,28,2016-04-30 10:44:06.866221,2016-04-30 10:44:06.866221
1106,160,,,4,8,56,2016-04-30 10:42:10.975478,2016-04-30 10:42:10.975478
1110,105,,,4,7,56,2016-04-30 10:42:34.570805,2016-04-30 10:42:34.570805
1112,213,,,4,8,56,2016-04-30 10:42:51.029325,2016-04-30 10:42:51.029325
1114,160,,,5,9,28,2016-04-30 10:43:24.595973,2016-04-30 10:43:24.595973
1116,160,,,5,7,28,2016-04-30 10:43:33.553648,2016-04-30 10:43:33.553648
1118,105,,,5,8,28,2016-04-30 10:43:48.918613,2016-04-30 10:43:48.918613
1119,105,,,5,7,28,2016-04-30 10:43:56.993684,2016-04-30 10:43:56.993684
1121,213,,,5,8,28,2016-04-30 10:44:14.154982,2016-04-30 10:44:14.154982
1122,213,,,5,7,28,2016-04-30 10:44:21.424670,2016-04-30 10:44:21.424670
1124,160,,,6,8,28,2016-04-30 10:44:42.442510,2016-04-30 10:44:42.442510
1123,160,,,6,9,28,2016-04-30 10:44:33.492122,2016-04-30 10:44:33.492122
1125,160,,,6,7,28,2016-04-30 10:44:47.399160,2016-04-30 10:44:47.399160
1126,105,,,6,9,28,2016-04-30 10:44:54.094077,2016-04-30 10:44:54.094077
1127,105,,,6,8,28,2016-04-30 10:44:58.192400,2016-04-30 10:44:58.192400
1128,105,,,6,7,28,2016-04-30 10:45:03.992036,2016-04-30 10:45:03.992036
1129,213,,,6,9,28,2016-04-30 10:45:13.395144,2016-04-30 10:45:13.395144
1130,213,,,6,8,28,2016-04-30 10:45:19.036216,2016-04-30 10:45:19.036216
1131,213,,,6,7,28,2016-04-30 10:45:23.424532,2016-04-30 10:45:23.424532
1132,143,,,4,9,48,2016-04-30 10:46:38.471794,2016-04-30 10:46:38.471794
1133,143,,,4,8,48,2016-04-30 10:46:43.173935,2016-04-30 10:46:43.173935
1134,143,,,4,7,48,2016-04-30 10:46:47.339827,2016-04-30 10:46:47.339827
1135,87,,,4,9,48,2016-04-30 10:47:00.951433,2016-04-30 10:47:00.951433
1136,87,,,4,8,48,2016-04-30 10:47:05.163189,2016-04-30 10:47:05.163189
1137,87,,,4,7,48,2016-04-30 10:47:13.068416,2016-04-30 10:47:13.068416
1138,193,,,4,9,48,2016-04-30 10:47:24.167025,2016-04-30 10:47:24.167025
1139,193,,,4,8,48,2016-04-30 10:47:28.701675,2016-04-30 10:47:28.701675
1140,193,,,4,7,48,2016-04-30 10:47:34.042137,2016-04-30 10:47:34.042137
1141,143,,,5,9,60,2016-04-30 10:48:03.834625,2016-04-30 10:48:03.834625
1142,143,,,5,8,60,2016-04-30 10:48:07.940455,2016-04-30 10:48:07.940455
1143,143,,,5,7,60,2016-04-30 10:48:16.782205,2016-04-30 10:48:16.782205
1144,87,,,5,9,60,2016-04-30 10:48:30.388635,2016-04-30 10:48:30.388635
1145,87,,,5,8,60,2016-04-30 10:48:35.133401,2016-04-30 10:48:35.133401
1146,87,,,5,7,60,2016-04-30 10:48:43.916979,2016-04-30 10:48:43.916979
1147,193,,,5,9,60,2016-04-30 10:48:55.024009,2016-04-30 10:48:55.024009
1148,193,,,5,8,60,2016-04-30 10:48:59.181023,2016-04-30 10:48:59.181023
1149,193,,,5,7,60,2016-04-30 10:49:06.398520,2016-04-30 10:49:06.398520
1150,143,,,6,9,60,2016-04-30 10:50:06.193319,2016-04-30 10:50:06.193319
1151,143,,,6,8,60,2016-04-30 10:50:10.009241,2016-04-30 10:50:10.009241
1152,143,,,6,7,60,2016-04-30 10:50:15.715171,2016-04-30 10:50:15.715171
1153,87,,,6,9,60,2016-04-30 10:50:23.651413,2016-04-30 10:50:23.651413
1154,87,,,6,8,60,2016-04-30 10:50:28.757465,2016-04-30 10:50:28.757465
1155,87,,,6,7,60,2016-04-30 10:50:33.908665,2016-04-30 10:50:33.908665
1156,193,,,6,9,60,2016-04-30 10:50:47.540581,2016-04-30 10:50:47.540581
1157,193,,,6,8,60,2016-04-30 10:50:52.023117,2016-04-30 10:50:52.023117
1158,193,,,6,7,60,2016-04-30 10:50:57.612833,2016-04-30 10:50:57.612833
1159,150,,,4,9,80,2016-04-30 10:51:33.601153,2016-04-30 10:51:33.601153
1160,150,,,4,8,80,2016-04-30 10:51:37.147661,2016-04-30 10:51:37.147661
1161,150,,,4,7,80,2016-04-30 10:51:41.772855,2016-04-30 10:51:41.772855
1162,96,,,4,9,80,2016-04-30 10:51:51.736742,2016-04-30 10:51:51.736742
1163,96,,,4,8,80,2016-04-30 10:51:55.459531,2016-04-30 10:51:55.459531
1164,96,,,4,7,80,2016-04-30 10:51:59.792582,2016-04-30 10:51:59.792582
1165,204,,,4,9,80,2016-04-30 10:52:09.508067,2016-04-30 10:52:09.508067
1166,204,,,4,8,80,2016-04-30 10:52:13.688186,2016-04-30 10:52:13.688186
1167,204,,,4,7,80,2016-04-30 10:52:18.577699,2016-04-30 10:52:18.577699
1168,150,,,5,9,32,2016-04-30 10:52:41.233533,2016-04-30 10:52:41.233533
1169,150,,,5,8,32,2016-04-30 10:52:46.064156,2016-04-30 10:52:46.064156
1170,150,,,5,7,32,2016-04-30 10:52:55.018837,2016-04-30 10:52:55.018837
1171,96,,,5,9,32,2016-04-30 10:53:04.157025,2016-04-30 10:53:04.157025
1172,96,,,5,8,32,2016-04-30 10:53:08.353128,2016-04-30 10:53:08.353128
1173,96,,,5,7,32,2016-04-30 10:53:12.717713,2016-04-30 10:53:12.717713
1174,204,,,5,9,32,2016-04-30 10:53:20.659704,2016-04-30 10:53:20.659704
1175,204,,,5,8,32,2016-04-30 10:53:41.159137,2016-04-30 10:53:41.159137
1176,204,,,5,7,32,2016-04-30 10:53:48.881703,2016-04-30 10:53:48.881703
1177,150,,,6,9,32,2016-04-30 11:01:35.254694,2016-04-30 11:01:35.254694
1178,150,,,6,8,32,2016-04-30 11:01:39.110407,2016-04-30 11:01:39.110407
1179,150,,,6,7,32,2016-04-30 11:01:44.221617,2016-04-30 11:01:44.221617
1180,96,,,6,9,32,2016-04-30 11:02:12.293125,2016-04-30 11:02:12.293125
1181,96,,,6,8,32,2016-04-30 11:02:16.428501,2016-04-30 11:02:16.428501
1182,96,,,6,7,32,2016-04-30 11:02:21.308970,2016-04-30 11:02:21.308970
1183,204,,,6,9,32,2016-04-30 11:02:28.794647,2016-04-30 11:02:28.794647
1184,204,,,6,8,32,2016-04-30 11:02:33.453474,2016-04-30 11:02:33.453474
1185,204,,,6,7,32,2016-04-30 11:02:39.334463,2016-04-30 11:02:39.334463
1186,164,,,4,9,60,2016-04-30 11:04:01.907732,2016-04-30 11:04:01.907732
1187,164,,,4,8,60,2016-04-30 11:04:05.705684,2016-04-30 11:04:05.705684
1188,164,,,4,7,60,2016-04-30 11:04:10.090836,2016-04-30 11:04:10.090836
1189,110,,,4,9,60,2016-04-30 11:04:19.009639,2016-04-30 11:04:19.009639
1190,110,,,4,8,60,2016-04-30 11:04:22.912946,2016-04-30 11:04:22.912946
1191,110,,,4,7,60,2016-04-30 11:04:27.599881,2016-04-30 11:04:27.599881
1192,217,,,4,9,60,2016-04-30 11:04:34.607895,2016-04-30 11:04:34.607895
1193,217,,,4,8,60,2016-04-30 11:04:38.348721,2016-04-30 11:04:38.348721
1194,217,,,4,7,60,2016-04-30 11:04:44.734626,2016-04-30 11:04:44.734626
1195,164,,,5,9,320,2016-04-30 11:05:04.311802,2016-04-30 11:05:04.311802
1196,164,,,5,8,320,2016-04-30 11:05:08.068106,2016-04-30 11:05:08.068106
1197,164,,,5,7,320,2016-04-30 11:05:12.888432,2016-04-30 11:05:12.888432
1198,110,,,5,9,320,2016-04-30 11:05:22.766412,2016-04-30 11:05:22.766412
1199,110,,,5,8,320,2016-04-30 11:05:27.131363,2016-04-30 11:05:27.131363
1200,110,,,5,7,320,2016-04-30 11:05:32.281658,2016-04-30 11:05:32.281658
1201,217,,,5,9,320,2016-04-30 11:05:41.051202,2016-04-30 11:05:41.051202
1202,217,,,5,8,320,2016-04-30 11:05:44.835185,2016-04-30 11:05:44.835185
1203,217,,,5,7,320,2016-04-30 11:05:49.937403,2016-04-30 11:05:49.937403
1204,164,,,6,9,320,2016-04-30 11:06:07.260611,2016-04-30 11:06:07.260611
1205,164,,,6,8,320,2016-04-30 11:06:11.417636,2016-04-30 11:06:11.417636
1206,164,,,6,7,320,2016-04-30 11:06:16.105092,2016-04-30 11:06:16.105092
1207,110,,,6,9,320,2016-04-30 11:06:23.506667,2016-04-30 11:06:23.506667
1208,110,,,6,8,320,2016-04-30 11:06:27.347159,2016-04-30 11:06:27.347159
1209,110,,,6,7,320,2016-04-30 11:06:32.744019,2016-04-30 11:06:32.744019
1210,217,,,6,9,320,2016-04-30 11:06:42.491989,2016-04-30 11:06:42.491989
1211,217,,,6,8,320,2016-04-30 11:06:46.262730,2016-04-30 11:06:46.262730
1212,217,,,6,7,320,2016-04-30 11:06:50.740316,2016-04-30 11:06:50.740316
1213,163,,,4,9,40,2016-04-30 12:15:49.148454,2016-04-30 12:15:49.148454
1214,163,,,4,7,40,2016-04-30 12:15:54.105185,2016-04-30 12:15:54.105185
1215,109,,,4,9,40,2016-04-30 12:16:02.083420,2016-04-30 12:16:02.083420
1216,109,,,4,7,40,2016-04-30 12:16:06.837540,2016-04-30 12:16:06.837540
1217,172,,,4,9,40,2016-04-30 12:16:12.581066,2016-04-30 12:16:12.581066
1218,172,,,4,7,40,2016-04-30 12:16:18.066866,2016-04-30 12:16:18.066866
1219,163,,,5,9,20,2016-04-30 12:16:34.679900,2016-04-30 12:16:34.679900
1220,163,,,5,7,20,2016-04-30 12:16:39.531830,2016-04-30 12:16:39.531830
1221,109,,,5,9,20,2016-04-30 12:16:48.021177,2016-04-30 12:16:48.021177
1222,109,,,5,7,20,2016-04-30 12:16:54.533816,2016-04-30 12:16:54.533816
1223,172,,,5,9,20,2016-04-30 12:17:04.071274,2016-04-30 12:17:04.071274
1224,172,,,5,7,20,2016-04-30 12:17:09.267244,2016-04-30 12:17:09.267244
1225,163,,,6,9,20,2016-04-30 12:17:24.719954,2016-04-30 12:17:24.719954
1226,163,,,6,7,20,2016-04-30 12:17:28.937731,2016-04-30 12:17:28.937731
1227,109,,,6,9,20,2016-04-30 12:17:50.081443,2016-04-30 12:17:50.081443
1228,109,,,6,7,20,2016-04-30 12:17:54.761767,2016-04-30 12:17:54.761767
1229,172,,,6,9,20,2016-04-30 12:18:00.780127,2016-04-30 12:18:00.780127
1230,172,,,6,7,20,2016-04-30 12:18:05.621349,2016-04-30 12:18:05.621349
1231,153,,,4,9,32,2016-04-30 12:19:57.357471,2016-04-30 12:19:57.357471
1232,153,,,4,7,32,2016-04-30 12:20:01.698777,2016-04-30 12:20:01.698777
1233,99,,,4,9,32,2016-04-30 12:20:13.087503,2016-04-30 12:20:13.087503
1234,99,,,4,7,32,2016-04-30 12:20:17.056559,2016-04-30 12:20:17.056559
1235,174,,,4,9,32,2016-04-30 12:20:23.345450,2016-04-30 12:20:23.345450
1236,174,,,4,7,32,2016-04-30 12:20:29.187890,2016-04-30 12:20:29.187890
1237,153,,,5,9,24,2016-04-30 12:20:46.468297,2016-04-30 12:20:46.468297
1238,153,,,5,7,24,2016-04-30 12:20:50.945835,2016-04-30 12:20:50.945835
1239,99,,,5,9,24,2016-04-30 12:20:59.620092,2016-04-30 12:20:59.620092
1240,99,,,5,7,24,2016-04-30 12:21:03.916675,2016-04-30 12:21:03.916675
1241,174,,,5,9,24,2016-04-30 12:21:12.740221,2016-04-30 12:21:12.740221
1242,174,,,5,7,24,2016-04-30 12:21:16.657275,2016-04-30 12:21:16.657275
1243,153,,,6,9,24,2016-04-30 12:21:29.827251,2016-04-30 12:21:29.827251
1244,153,,,6,7,24,2016-04-30 12:21:36.515759,2016-04-30 12:21:36.515759
1246,99,,,6,7,24,2016-04-30 12:21:49.680062,2016-04-30 12:21:49.680062
1248,174,,,6,7,24,2016-04-30 12:22:00.924184,2016-04-30 12:22:00.924184
1250,156,,,4,7,56,2016-04-30 12:22:30.709342,2016-04-30 12:22:30.709342
1251,68,,,4,9,56,2016-04-30 12:22:38.996969,2016-04-30 12:22:38.996969
1252,68,,,4,7,56,2016-04-30 12:22:46.212147,2016-04-30 12:22:46.212147
1279,159,,,6,9,28,2016-04-30 12:26:15.218040,2016-04-30 12:26:15.218040
1282,67,,,6,9,28,2016-04-30 12:29:45.462871,2016-04-30 12:29:45.462871
1284,211,,,6,9,28,2016-04-30 12:29:57.159330,2016-04-30 12:29:57.159330
1245,99,,,6,9,24,2016-04-30 12:21:45.068057,2016-04-30 12:21:45.068057
1247,174,,,6,9,24,2016-04-30 12:21:55.925671,2016-04-30 12:21:55.925671
1249,156,,,4,9,56,2016-04-30 12:22:26.895411,2016-04-30 12:22:26.895411
1253,208,,,4,9,56,2016-04-30 12:22:51.798111,2016-04-30 12:22:51.798111
1254,208,,,4,7,56,2016-04-30 12:22:57.001696,2016-04-30 12:22:57.001696
1255,156,,,5,9,28,2016-04-30 12:23:13.175359,2016-04-30 12:23:13.175359
1278,211,,,5,7,28,2016-04-30 12:26:03.881692,2016-04-30 12:26:03.881692
1281,159,,,6,7,28,2016-04-30 12:29:33.919800,2016-04-30 12:29:33.919800
1283,67,,,6,7,28,2016-04-30 12:29:50.143127,2016-04-30 12:29:50.143127
1285,211,,,6,7,28,2016-04-30 12:30:01.492955,2016-04-30 12:30:01.492955
1256,156,,,5,7,28,2016-04-30 12:23:18.985192,2016-04-30 12:23:18.985192
1258,68,,,5,7,28,2016-04-30 12:23:34.220535,2016-04-30 12:23:34.220535
1260,208,,,5,7,28,2016-04-30 12:23:49.958508,2016-04-30 12:23:49.958508
1262,156,,,6,7,28,2016-04-30 12:24:09.947313,2016-04-30 12:24:09.947313
1264,68,,,6,7,28,2016-04-30 12:24:20.177962,2016-04-30 12:24:20.177962
1266,208,,,6,7,28,2016-04-30 12:24:30.315147,2016-04-30 12:24:30.315147
1268,159,,,4,7,56,2016-04-30 12:24:58.198076,2016-04-30 12:24:58.198076
1271,211,,,4,9,56,2016-04-30 12:25:16.470031,2016-04-30 12:25:16.470031
1274,159,,,5,7,28,2016-04-30 12:25:42.875385,2016-04-30 12:25:42.875385
1275,67,,,5,9,28,2016-04-30 12:25:48.922727,2016-04-30 12:25:48.922727
1277,211,,,5,9,28,2016-04-30 12:25:59.271252,2016-04-30 12:25:59.271252
1257,68,,,5,9,28,2016-04-30 12:23:28.119738,2016-04-30 12:23:28.119738
1259,208,,,5,9,28,2016-04-30 12:23:44.013760,2016-04-30 12:23:44.013760
1261,156,,,6,9,28,2016-04-30 12:24:03.288470,2016-04-30 12:24:03.288470
1263,68,,,6,9,28,2016-04-30 12:24:15.315462,2016-04-30 12:24:15.315462
1265,208,,,6,9,28,2016-04-30 12:24:26.001040,2016-04-30 12:24:26.001040
1267,159,,,4,9,56,2016-04-30 12:24:53.751597,2016-04-30 12:24:53.751597
1269,67,,,4,9,56,2016-04-30 12:25:05.321976,2016-04-30 12:25:05.321976
1270,67,,,4,7,56,2016-04-30 12:25:09.460668,2016-04-30 12:25:09.460668
1272,211,,,4,7,56,2016-04-30 12:25:21.179685,2016-04-30 12:25:21.179685
1273,159,,,5,9,28,2016-04-30 12:25:38.785533,2016-04-30 12:25:38.785533
1276,67,,,5,7,28,2016-04-30 12:25:53.379799,2016-04-30 12:25:53.379799
