0,1,2,3,4,5
1,admin_user,,,2016-03-07 15:12:44.000000,2016-03-07 15:12:44.000000
2,demo_user,,,2016-03-07 15:13:01.000000,2016-03-07 15:13:01.000000
3,state_user,,,2016-03-07 15:17:04.000000,2016-03-07 15:17:04.000000
4,district_user,,,2016-03-07 15:17:11.000000,2016-03-07 15:17:11.000000
6,stl_user,,,2016-03-07 15:17:35.000000,2016-03-07 15:17:35.000000
9,outsource_user,,,,
10,gramdoot,,,2017-01-27 18:03:32.448917,2017-01-27 18:03:32.448917
5,block_user,,,2016-03-07 15:17:20.000000,2017-01-27 18:03:32.465248
11,outsource_stl_user,,,2017-03-21 12:50:25.038916,2017-03-21 12:50:25.038916
12,upload_user,,,2017-05-22 04:43:06.535204,2017-05-22 04:43:06.535204
