id,name,jl_number,block_id
23542,Bhangabandh,007,181.0
23543,Gopinathpur(008),008,181.0
23544,Akalpous,009,181.0
23545,SRIRAMPUR,010,181.0
23546,Baguan,011,181.0
23547,Asanpur    (12),012,181.0
23548,Amdanagar-13,013,181.0
23549,Bankakul,014,181.0
23550,Jagul,015,181.0
23551,Pandat,016,181.0
23552,Hanumandihi,017,181.0
23553,Balbhadrapur,018,181.0
23554,Chandipur  (19),019,181.0
23555,Ajodhyapur,020,181.0
23556,Mirzapur,021,181.0
23557,Talbandi,022,181.0
23558,Garnishchintapur-23,023,181.0
23559,Tinuya,024,181.0
23560,Kanthaliya,025,181.0
23561,Kamalpur,026,181.0
23562,Chakfateulla,027,181.0
23563,Mokarimpur,028,181.0
23564,Bhgabanpur,029,181.0
23565,Radhaballavpur,030,181.0
23566,Baulashini (31),031,181.0
23567,Debpur,032,181.0
23568,Nandeswar,033,181.0
23569,Ballavpur-34,034,181.0
23570,Aniruddhachak,035,181.0
23571,Bhratpur,036,181.0
23572,Dharmanggadpur,037,181.0
23573,Sinuya,038,181.0
23574,Jagannathpur(39),039,181.0
23575,Pathanakutubpur,040,181.0
23576,Kanakpur,041,181.0
23577,Bahadurpur,042,181.0
23578,Birsinhapur,043,181.0
23579,Gopalpur-44,044,181.0
23580,Bishnupur,045,181.0
23581,Chandramerh-46,046,181.0
23582,Golagram-47,047,181.0
23583,Kanchanpur,048,181.0
23584,Simulhati,049,181.0
23585,Pashchimbaita,050,181.0
23586,Aymahabibulla,051,181.0
23587,Bhgirathpur,052,181.0
23588,Aymamadhua,053,181.0
23589,Aymakalandar,054,181.0
23590,Chakmalta-55,055,181.0
23591,Shrikrishnapur,056,181.0
23592,Sakirda,057,181.0
23593,Jotamathura,058,181.0
23594,Sattamali,059,181.0
23595,Bargeria,060,181.0
23596,Chakheibat,061,181.0
23597,Chakananta,062,181.0
23598,Chakmadhu-63,063,181.0
23599,Bikrampur,064,181.0
23600,Basantapur               -65,065,181.0
23601,Kanchangeria,066,181.0
23602,Madhubanpur,067,181.0
23603,Manoharpur  (68),068,181.0
23604,Shripur,069,181.0
23605,Chakhiramani-70,070,181.0
23606,Jotasuja,071,181.0
23607,Chandanpur    (72),072,181.0
23608,Kalikageria,073,181.0
23609,Shyampur,074,181.0
23610,Noyapara,075,181.0
23611,Chakrajput,076,181.0
23612,Kumarsanda,077,181.0
23613,Chatrageria,078,181.0
23614,Hariharpur(79),079,181.0
23615,Kishorpur,080,181.0
23616,Rahimpur,081,181.0
23617,Purbadbarkhola,082,181.0
23618,Balakchak,083,181.0
23619,Brindabanpur,084,181.0
23620,Basudebpur               -85,085,181.0
23621,Gopalnagar,086,181.0
23622,Harinarayanpur,087,181.0
23623,Chakdarbar,088,181.0
23624,Kumarpur  (89),089,181.0
23625,Shyamnagar,090,181.0
23626,Baikunthapur,091,181.0
23627,Malighati,092,181.0
23628,Jaykrishnapur,093,181.0
23629,Chakmadhuri-94,094,181.0
23630,Chakpurushottam-95,095,181.0
23631,Narharipur,096,181.0
23632,Jayadebpur,097,181.0
23633,Chakkripan-98,098,181.0
23634,Tangaishree,099,181.0
23635,Trilochanpur,100,181.0
23636,Birpur,101,181.0
23637,Chaktatar-102,102,181.0
23638,Chakmamud-103,103,181.0
23639,Barmadhabpur-104,104,181.0
23640,Purushottam  pur,105,181.0
23641,Banamalipur,106,181.0
23642,Sizgeria,107,181.0
23643,Chakpalmal-108,108,181.0
23644,Chakprananath-109,109,181.0
23645,Chakprayag-110,110,181.0
23646,Biharichak-111,111,181.0
23647,Khajuri,112,181.0
23648,Damodarpur-113,113,181.0
23649,Jotnarayan-114,114,181.0
23650,Karanda,115,181.0
23651,Jothhora,116,181.0
23652,Shriballavpur,117,181.0
23653,Kantageria,118,181.0
23654,Kulya,119,181.0
23655,Baghageria-120,120,181.0
23656,Chandanpur-121,121,181.0
23657,Manglai,122,181.0
23658,Amarpur-123,123,181.0
23659,Mukteshwar,124,181.0
23660,Dandeswar-125,125,181.0
23661,Purbbabaita,126,181.0
23662,Khasakendubagicha,127,181.0
23663,Harinadanggi-128,128,181.0
23664,Mukundapur,129,181.0
23665,Paruldihi,130,181.0
23666,Biju-131,131,181.0
23667,Chakchandramerh-132,132,181.0
23668,Puanpat,133,181.0
23669,Nandabari,134,181.0
23670,Mainan,135,181.0
23671,Mamudabad,136,181.0
23672,Mankhanda,137,181.0
23673,Lowada,138,181.0
23674,Naraharipur,139,181.0
23675,Talberiyaghunghuni patna,140,181.0
23676,Ghunghuni,141,181.0
23677,Fatebarh,142,181.0
23678,Murasti,143,181.0
23679,Manoharpur,144,181.0
23680,Balarampur,145,181.0
23681,Gayespur,146,181.0
23682,Kolkuria,147,181.0
23683,Shanrhpur,148,181.0
23684,Chakbaha  Dur-(149),149,181.0
23685,Barbhuniabasan,150,181.0
23686,Ananta Barh,151,181.0
23687,Kankraharaprasad,152,181.0
23688,Kankraatmaram,154,181.0
23689,Kankramohanpur,155,181.0
23690,Bhomariya,156,181.0
23691,Chaktara-157,157,181.0
23692,Damodar pur-(158),158,181.0
23693,Baklasaramgopal,159,181.0
23694,Baklasanimcharan,160,181.0
23695,Baklasashebakram,161,181.0
23696,Baklasaramnarayan,162,181.0
23697,Barati,163,181.0
23698,Jamalchak-164,164,181.0
23699,Shrirampur,165,181.0
23700,Pipurda,166,181.0
23701,Sitalanandapur,167,181.0
23702,Kantapal Pratapchak,168,181.0
23703,Mandaleswarchak,169,181.0
23704,Paik Parhi,170,181.0
23705,Asharibandh,171,181.0
23706,Chakkashi-172,172,181.0
23707,Chakbaincha,173,181.0
23708,Aikola,174,181.0
23709,Dabadanri,175,181.0
23710,CHAKBISHNUPUR,176,181.0
23711,Mansinghapur,177,181.0
23712,Dwarkhola,178,181.0
23713,Khajurichak Kankra,179,181.0
23714,Chakbajit,180,181.0
23715,Kismatkharigeria,181,181.0
23716,Jot  Narayan,182,181.0
23717,Gopalgeria,183,181.0
23718,Gotgeria-(184),184,181.0
23719,Shibrampur,185,181.0
23720,Khargeria  (186),186,181.0
23721,Satrukhi,187,181.0
23722,Rasulpur,188,181.0
23723,Dhanadanggara,189,181.0
23724,DOULAT CHAK,190,181.0
23725,Jaykrishna   Pur(191),191,181.0
23726,Bishnupur -192,192,181.0
23727,Chakbasu,193,181.0
23728,Khasabajar,194,181.0
23729,Dwar - Parha,195,181.0
23730,Chakuddhab-196,196,181.0
23731,Chakbalbhadrapur,197,181.0
23732,Chandanpur  (198),198,181.0
23733,Kismat Dhamtore,199,181.0
23734,Bhagabanbasan,200,181.0
23735,Dhamtore,201,181.0
23736,Purbasatkona,202,181.0
23737,Madhyamsatkona,203,181.0
23738,Barapratap,204,181.0
23739,Pashchimsatkona,205,181.0
23740,Barabandi,206,181.0
23741,Chakradhaballav-207,207,181.0
23742,Sankachuya,208,181.0
23743,Chakrameshwar-209,209,181.0
23744,Mahisageria,210,181.0
23745,Chaklangulia,211,181.0
23746,Dhanijagannathpur,212,181.0
23747,Jotdwaria,213,181.0
23748,Kolapunja,214,181.0
23749,Taligeria,215,181.0
23750,Barmaisajanaki-216,216,181.0
23751,Harinageria,217,181.0
23752,Kuthageria,218,181.0
23753,Dhobadangi,219,181.0
23754,Bhuniabasan,220,181.0
23755,Khasarhati,221,181.0
23756,Haladharbarh,222,181.0
23757,Kanubarh,223,181.0
23758,Barasati,224,181.0
23759,Bhainagar,225,181.0
23760,Raipur,226,181.0
23761,Banbarasati,227,181.0
23762,Garkilla,228,181.0
23763,Radhakantapur,229,181.0
23764,Chandipur,230,181.0
23765,Laugeria,231,181.0
23766,Barh Ananta,232,181.0
23767,Panchberia(233),233,181.0
23768,Jagadishpur,234,181.0
23769,Bhagabanpur,235,181.0
23770,Alipur,236,181.0
23771,Chakraghunath-237,237,181.0
23772,Barsijuya-238,238,181.0
23773,Jesuya,239,181.0
23774,Gobindapur,240,181.0
23775,Benya-241,241,181.0
23776,Chakkanu-242,242,181.0
23777,Nachipur,243,181.0
23778,Dalapatipur,244,181.0
23779,Jotankur,245,181.0
23780,Kismatdebra,246,181.0
23781,Gosanipur,247,181.0
23782,Shyamsundarpur,248,181.0
23783,Gopalpunja,249,181.0
23784,Panchgeria,250,181.0
23785,Dhubni,251,181.0
23786,Jagannathpur-252,252,181.0
23787,Chaksaranja-253,253,181.0
23788,Saranja,254,181.0
23789,Mahasimpur,255,181.0
23790,Belgeria-256,256,181.0
23791,Modichak,257,181.0
23792,Mukundapur   (258),258,181.0
23793,Belar-259,259,181.0
23794,Satyapur,260,181.0
23795,Paikpari,261,181.0
23796,Tabageria,262,181.0
23797,Paschim Dharasole,263,181.0
23798,Abdalipur,264,181.0
23799,Bainchafaridpur,265,181.0
23800,Shaldahari,266,181.0
23801,Kuchli,267,181.0
23802,Ramchandrapur,268,181.0
23803,Haridrapat,269,181.0
23804,Ajukhatujarapal,270,181.0
23805,Chakashrab,271,181.0
23806,Hadira,272,181.0
23807,Khasbarh,273,181.0
23808,Brindabanchak-274,274,181.0
23809,Itai,275,181.0
23810,Teghari,276,181.0
23811,Chakmanu-277,277,181.0
23812,Barjhikuria-278,278,181.0
23813,Sekendarchak,279,181.0
23814,Dinyapur,280,181.0
23815,Chakprasad-281,281,181.0
23816,Mirjapur,282,181.0
23817,Chakarjuni,283,181.0
23818,Chakmamudpur-284,284,181.0
23819,Sangosanipur,285,181.0
23820,Ballavpur-286,286,181.0
23821,Dhitgeria,287,181.0
23822,Sabigeria,288,181.0
23823,Kajlageria,289,181.0
23824,Dogeria,290,181.0
23825,Shrikrishnapur (291),291,181.0
23826,Jhikuriya,292,181.0
23827,Digbarasati,293,181.0
23828,Barkhola-294,294,181.0
23829,Paschimlahana,295,181.0
23830,Chakshyampur,296,181.0
23831,Chaklahana-297,297,181.0
23832,Chaltageria-298,298,181.0
23833,Panifaliya,299,181.0
23834,Kuldiha(1st Part),300,181.0
23835,Sangosanipur,301,181.0
23836,Kuldiha(2nd Part),302,181.0
23837,Chakgokul,303,181.0
23838,Bhupatipur,304,181.0
23839,Fulgeria,305,181.0
23840,DEBRA-306,306,181.0
23841,Hasimpur,307,181.0
23842,Durgapur,308,181.0
23843,Gopinathpur-309,309,181.0
23844,Matkatpur,310,181.0
23845,Basudebpur-311,311,181.0
23846,Brindabanpur-312,312,181.0
23847,Raghunathpur (313),313,181.0
23848,Belgeria,314,181.0
23849,Jagat Mani,315,181.0
23850,Khanamohan,316,181.0
23851,Chakkhanjadi-317,317,181.0
23852,Serpur-318,318,181.0
23853,Balbanda (2Y Khanda,319,181.0
23854,Chakbahadur,320,181.0
23855,Jamunabaisnabchak,321,181.0
23856,Amodepur-322,322,181.0
23857,Rustampur,323,181.0
23858,Balbanda(1st Part),324,181.0
23859,Chaksherpur-325,325,181.0
23860,Serpur-326,326,181.0
23861,Chakgobinda,327,181.0
23862,Chakbalbanda,328,181.0
23863,Santalchak,329,181.0
23864,Bharatpur,330,181.0
23865,Ashari,331,181.0
23866,Jagul  (332),332,181.0
23867,Arjuni,333,181.0
23868,Burigeria,334,181.0
23869,Chakbalaram,335,181.0
23870,Kabilpur-336,336,181.0
23871,Panigeria,337,181.0
23872,Kalyanpur,338,181.0
23873,Dwarikapur,339,181.0
23874,Haipat,340,181.0
23875,ALISHA GARH,341,181.0
23876,Madhabpur,342,181.0
23877,Bainchari,343,181.0
23878,Chakmatkatpur-344,344,181.0
23879,Salkuthi,345,181.0
23880,Ashutiya,346,181.0
23881,Narayanbati,347,181.0
23882,Harasankarpur-(348),348,181.0
23883,Santuria,349,181.0
23884,Kishorepur,350,181.0
23885,Khargeria,351,181.0
23886,Baitabarh,352,181.0
23887,Nankar Kotai,353,181.0
23888,Kotai,354,181.0
23889,Barhkotai,355,181.0
23890,dhandageria,356,181.0
23891,Taradighi-(357),357,181.0
23892,Sayedchak,358,181.0
23893,Simanasubhadrapat,359,181.0
23894,Taradighi-(360),360,181.0
23895,Haricharan-361,361,181.0
23896,Raghunathpur,362,181.0
23897,Baincha,363,181.0
23898,Nayabasan,364,181.0
23899,Padampur,365,181.0
23900,DAUNIYA,366,181.0
23901,Simlamahabila,367,181.0
23902,Burageria,368,181.0
23903,Dhengga,369,181.0
23904,Galimpur,370,181.0
23905,Rampurchak,371,181.0
23906,Hadla,372,181.0
23907,Narasinha,373,181.0
23908,Mamudchak,374,181.0
23909,Ambadighi,375,181.0
23910,Jalimanda,376,181.0
23911,Ghoshkhira,377,181.0
23912,Madpur,378,181.0
23913,Bhanpur,379,181.0
23914,Singarpur-(380),380,181.0
23915,Rampura,381,181.0
23916,Alidadpur,382,181.0
23917,Saintal,383,181.0
23918,Asanpur-(384),384,181.0
23919,Chaksahapur-385,385,181.0
23920,Ghiyachak,386,181.0
23921,Chakmaguriya-387,387,181.0
23922,Khamra,388,181.0
23923,Pankui,389,181.0
23924,Kumarpur  (390),390,181.0
23925,Bishrigeria,391,181.0
23926,Antala,392,181.0
23927,Rakutapatna,393,181.0
23928,Saraswatipur,394,181.0
23929,Parshuramchak,395,181.0
23930,Gurugang,396,181.0
23931,Gopalpur-397,397,181.0
23932,Nilpur,398,181.0
23933,Rasiknagar,399,181.0
23934,Sirmapatna,400,181.0
23935,Chandipur-401,401,181.0
23936,Malihati,402,181.0
23937,Krishnapur,403,181.0
23938,Ajmatpur,404,181.0
23939,Brambhanshasan,405,181.0
23940,Chack Sarisa,406,181.0
23941,Hariharpur-407,407,181.0
23942,Chakhariharpur,408,181.0
23943,Amrageria-409,409,181.0
23944,Chakkalyan-410,410,181.0
23945,Maheshpur,411,181.0
23946,Islampur,412,181.0
23947,Dhuliya,413,181.0
23948,Birunia,414,181.0
23949,Barunya-415,415,181.0
23950,Bhagabanchak,416,181.0
23951,Kajichak,417,181.0
23952,Jhanjia,418,181.0
23953,KULUA- AKUB,419,181.0
23954,Kaluya Brindaban,420,181.0
23955,Kanchan Geria-(421),421,181.0
23956,Shridharpur,422,181.0
23957,Damodarpur-(423),423,181.0
23958,Chakshulpan-424,424,181.0
23959,Dayalpur,425,181.0
23960,Gholui,426,181.0
23961,Thakurchak,427,181.0
23962,Hamirpur428,428,181.0
23963,Gourangapur,429,181.0
23964,Chaksaora-430,430,181.0
23965,Kismatduan,431,181.0
23966,Mirza Nagar,432,181.0
23967,YAAR PUR,433,181.0
23968,LACHHIPUR,434,181.0
23969,Birsapur,435,181.0
23970,Duan,436,181.0
23971,Chaksahabaj-437,437,181.0
23972,Balichak-438,438,181.0
23973,Gotgeria-439,439,181.0
23974,Bhogpur,440,181.0
23975,Daluchak,441,181.0
23976,Kanuram,442,181.0
23977,Chandia,443,181.0
23978,Pashchimbeguni,444,181.0
23979,Chakkunwar,445,181.0
23980,Gangaramchak,446,181.0
23981,Chakshyampur-447,447,181.0
23982,Baragar,448,181.0
23983,Kulgeria,449,181.0
23984,Chaksujal-450,450,181.0
23985,Purbbabeguni,451,181.0
23986,Alampur,452,181.0
23987,Kushiya,453,181.0
23988,Purushottampur-(454),454,181.0
23989,Goalageria,455,181.0
23990,Barmahammadpur,456,181.0
23991,Bijayram,457,181.0
23992,Chaknarsingha,458,181.0
23993,Sekendarchak,459,181.0
23994,Narullyachak,460,181.0
23995,Dakshinpathra,461,181.0
23996,Lahanabarh,462,181.0
23997,Raghunathgeria,463,181.0
23998,Gotgeria-464,464,181.0
23999,JOTE KANU,465,181.0
24000,Hijalda,466,181.0
24001,Sansara,467,181.0
24002,Palashi,468,181.0
24003,Banshda,469,181.0
24004,Chakharo-470,470,181.0
24005,Kankarapunji,471,181.0
24006,Papanchak,472,181.0
24007,Padima,473,181.0
24008,Nijpapan,474,181.0
24009,Chaklalpur-475,475,181.0
24010,Shyamchak,476,181.0
24011,Papanharicharan,477,181.0
24012,Kisamat Papan,478,181.0
24013,PANCH GERIA-(479),479,181.0
24014,Pasang,480,181.0
24015,Turia - Kismat,481,181.0
24016,Kishorchak,482,181.0
24017,RADHA MOHANPUR,483,181.0
24018,Ruiyageria,484,181.0
24019,Sundarpur,485,181.0
24020,Dingal,486,181.0
24021,Hatiberia,487,181.0
24022,Mansinga,255,182.0
24023,Anandanagar (337),337,182.0
24024,Kusumdahari,356,182.0
24025,dubrajpur,377,182.0
24026,Bagdoba,379,182.0
24027,Bulanpur,380,182.0
24028,Krisnasole,381,182.0
24029,Bhandirbon,382,182.0
24030,Kukrajhuri,383,182.0
24031,Khoyarbani,384,182.0
24032,Nerasole,385,182.0
24033,Chunpara(386),386,182.0
24034,Benachapra,387,182.0
24035,Bharatpur,388,182.0
24036,Pidrasuli,389,182.0
24037,Banpur,390,182.0
24038,Kunjarbankati,391,182.0
24039,Hirirgeria,392,182.0
24040,Dapaguri,393,182.0
24041,Bankati(394),394,182.0
24042,Mayta,395,182.0
24043,Metala(396),396,182.0
24044,Keotara,397,182.0
24045,thakuranitola,398,182.0
24046,Bhattagram,399,182.0
24047,Teliboni,400,182.0
24048,Khunberia,401,182.0
24049,Krishnanagar,402,182.0
24050,Kantapal,407,182.0
24051,Nepura,408,182.0
24052,Manglapur,409,182.0
24053,Kenduaguri,410,182.0
24054,Malibagi,411,182.0
24055,Kallecha,417,182.0
24056,Moulara,418,182.0
24057,Kajir bankati,419,182.0
24058,Telijat,420,182.0
24059,Fulmonipur,421,182.0
24060,Choto-Rangta,422,182.0
24061,Bara-rangta,423,182.0
24062,Domuhani,424,182.0
24063,Dhanyaghori,425,182.0
24064,Kharkata(427),427,182.0
24065,Dhangadaha,428,182.0
24066,Kalipur,429,182.0
24067,Lakshmanpur,431,182.0
24068,Akchara,432,182.0
24069,Ketara,433,182.0
24070,Seuli,434,182.0
24071,Kesiya (471),471,182.0
24072,Jamadoba,472,182.0
24073,Bagdoba (473),473,182.0
24074,Ledagamar (474),474,182.0
24075,Bhedua Soheb Danga,475,182.0
24076,Bhula(476),476,182.0
24077,Jhal jhali,477,182.0
24078,Taldangra  Khasjangal,478,182.0
24079,Junshol,479,182.0
24080,Payrabanshi,480,182.0
24081,Buriami,481,182.0
24082,Amlagora,482,182.0
24083,Ghoshalbandh,483,182.0
24084,Lapuriya,484,182.0
24085,Gangani,485,182.0
24086,Radhanagar,486,182.0
24087,Bandhgerhya,487,182.0
24088,Gankabandi,488,182.0
24089,Jharbani,489,182.0
24090,Fatesingpur,490,182.0
24091,Habla,491,182.0
24092,Ghotboni,492,182.0
24093,Reudi,493,182.0
24094,Indurdanga,495,182.0
24095,Chandabila 499,499,182.0
24096,Bhimpur,500,182.0
24097,BhalukKhula,501,182.0
24098,Tilbhandar,502,182.0
24099,Chhotonohari,503,182.0
24100,Baranohari,504,182.0
24101,Simlabada,505,182.0
24102,Simuliya (506),506,182.0
24103,Uchhaladanga,507,182.0
24104,Deuli  (508),508,182.0
24105,Kadaboni,509,182.0
24106,Jugidan,510,182.0
24107,Bhulachak,511,182.0
24108,Kayta,512,182.0
24109,Brahmangram,513,182.0
24110,Sanpur (514),514,182.0
24111,Rauliya (515),515,182.0
24112,Jamkhali,516,182.0
24113,Balachak,517,182.0
24114,Metiabari,518,182.0
24115,Payraura,519,182.0
24116,Bhiknagar,520,182.0
24117,Chakmathuri,521,182.0
24118,BalaramPur  (522),522,182.0
24119,Kurchidanga,523,182.0
24120,Borhgeria,524,182.0
24121,Raghunathapur (525),525,182.0
24122,Royda,526,182.0
24123,Rakhaban,527,182.0
24124,Chhatakonda,528,182.0
24125,Aushabandi,529,182.0
24126,Gilabani,530,182.0
24127,Nachhanjam,531,182.0
24128,Ashnashuli,532,182.0
24129,Amdoba,533,182.0
24130,Dhabani (534),534,182.0
24131,Uparshol,535,182.0
24132,Bankati  (536),536,182.0
24133,Farakushum,537,182.0
24134,Fulamanipur,538,182.0
24135,Ekarya,539,182.0
24136,Chandrapur,540,182.0
24137,Ramchak,541,182.0
24138,Kasua (542),542,182.0
24139,Tentuliya,543,182.0
24140,Agra,544,182.0
24141,Meghula,545,182.0
24142,Pidrashuli (546),546,182.0
24143,Muluniya,547,182.0
24144,Naraharipur,548,182.0
24145,Patharghata,549,182.0
24146,Dhansole,550,182.0
24147,Kulibad,551,182.0
24148,Kharikashuli (552),552,182.0
24149,Bhatmara,553,182.0
24150,Pacharbandh,554,182.0
24151,Raghunathpur (555),555,182.0
24152,Konarpur,556,182.0
24153,Lalpur,557,182.0
24154,Raghunathgar,558,182.0
24155,Dhadika,559,182.0
24156,Mandalpuskarini,560,182.0
24157,Krishnapur,561,182.0
24158,Chhotadumuria-(562),562,182.0
24159,Chaltakunda,563,182.0
24160,BaraBhandarkhada,564,182.0
24161,Saldangra,565,182.0
24162,Taldangra,566,182.0
24163,Patharhati,567,182.0
24164,Sarbani,568,182.0
24165,Banduya,569,182.0
24166,Garbeta,570,182.0
24167,Bagdoba (571),571,182.0
24168,Baranda,572,182.0
24169,Golahat,573,182.0
24170,Telipur,574,182.0
24171,Moledanga,575,182.0
24172,Hinggishol,576,182.0
24173,Baratalbeta,577,182.0
24174,Chhotatalbeta,578,182.0
24175,Khiriya,579,182.0
24176,Bheduyashol,580,182.0
24177,Chanderbankati,581,182.0
24178,Ghorapota,582,182.0
24179,Sijdiha,583,182.0
24180,Pathrishol,584,182.0
24181,Panchamoledanga,585,182.0
24182,Khudiashol,586,182.0
24183,Chanchuria,587,182.0
24184,Arjunbani,588,182.0
24185,Sangramchak,589,182.0
24186,Patpur (590),590,182.0
24187,Tasargeria,591,182.0
24188,Bajrakhabankati,592,182.0
24189,Kankrasole-(593),593,182.0
24190,Malora,594,182.0
24191,Bellya,595,182.0
24192,Tellya,596,182.0
24193,Gopalpur (597),597,182.0
24194,Baro-dumuriya,598,182.0
24195,Lodhasuli (599),599,182.0
24196,Chotadhadika,600,182.0
24197,Sankibandh,601,182.0
24198,Berachapa,602,182.0
24199,Chhotochanpa,603,182.0
24200,Hatimaran,604,182.0
24201,Deuli  (605),605,182.0
24202,Bahadurpur  (606),606,182.0
24203,Kamararang,607,182.0
24204,Bisamjuri,608,182.0
24205,Bankati(609),609,182.0
24206,Brajanathpur,610,182.0
24207,Chunpara,611,182.0
24208,Birsingpur (612),612,182.0
24209,Chikurmara,613,182.0
24210,Gopalsol,614,182.0
24211,Aguiboni,615,182.0
24212,Kayma,616,182.0
24213,Daldali,617,182.0
24214,Pachadahara,618,182.0
24215,Shyamnagar,619,182.0
24216,Narayanchak,620,182.0
24217,Uaparjaba,621,182.0
24218,Balarampur  (622),622,182.0
24219,Jadabganja,623,182.0
24220,Lalitgang,624,182.0
24221,Bagmari,625,182.0
24222,Darkhola (626),626,182.0
24223,Agarkhana,627,182.0
24224,Fulberia,628,182.0
24225,Sonakara,629,182.0
24226,Parkhanda,630,182.0
24227,Teligora,631,182.0
24228,Sapdaha (632),632,182.0
24229,Garanga-(633),633,182.0
24230,Dakshinkonda,634,182.0
24231,Darji (635),635,182.0
24232,Nalbona,636,182.0
24233,Manglapota,637,182.0
24234,Bandarboni  (638),638,182.0
24235,Kashidangga,639,182.0
24236,Mahisabali,640,182.0
24237,Zemuyashol (641),641,182.0
24238,Dhababeriya,642,182.0
24239,Chandabila,643,182.0
24240,Dhannardihi,644,182.0
24241,Garki,648,182.0
24242,Kasthagura,649,182.0
24243,Nalpa,650,182.0
24244,DhanKuria,651,182.0
24245,Magurashol,653,182.0
24246,Dhalma,759,182.0
24247,Pathartoria,769,182.0
24248,Purshushan,770,182.0
24249,Madnahari,771,182.0
24250,Solatutbarh,772,182.0
24251,Dhanyachhora (773),773,182.0
24252,Parbbatipur,774,182.0
24253,Kumardubi (775),775,182.0
24254,Baharabani (776),776,182.0
24255,Muraboni,777,182.0
24256,Khyarpara,778,182.0
24257,Santarachak,779,182.0
24258,Gamarkushi,780,182.0
24259,Kadambandi(781),781,182.0
24260,Chandabila,782,182.0
24261,Anandanagar (783),783,182.0
24262,Pathra (784),784,182.0
24263,Shimuliya,785,182.0
24264,Kuntalgeria,786,182.0
24265,Shyamsundarpur,787,182.0
24266,Mathuri,788,182.0
24267,Kharakushama,789,182.0
24268,Kuargati,790,182.0
24269,Gobindakshetra,791,182.0
24270,Radhaballabhapur,792,182.0
24271,Rayen,793,182.0
24272,Darji  (794),794,182.0
24273,Bhalukmara,795,182.0
24274,Satdeuli,796,182.0
24275,deulkundra,797,182.0
24276,RambadhNischintapur,798,182.0
24277,Sonadipa,799,182.0
24278,Dankasole,800,182.0
24279,Panchberia,801,182.0
24280,Bilaikundra,802,182.0
24281,Baramura,803,182.0
24282,Gopalpur (804),804,182.0
24283,Ramchandrapur,805,182.0
24284,Majurdima,806,182.0
24285,Rauliya (807),807,182.0
24286,Sanmura,808,182.0
24287,Karui,809,182.0
24288,Moglamari,810,182.0
24289,Nadashuli,811,182.0
24290,Chandai,812,182.0
24291,Khamdiha,813,182.0
24292,Majariya,814,182.0
24293,Mataliya (815),815,182.0
24294,Bahadurpur (816),816,182.0
24295,Kuchiamari,817,182.0
24296,Tilberia,818,182.0
24297,Bankati Rampur,819,182.0
24298,Jadabnagar,820,182.0
24299,Heteshol,821,182.0
24300,Namjaba,822,182.0
24301,Ayamadamodarpur,823,182.0
24302,Chota-angaria,824,182.0
24303,Hemnagar (825),825,182.0
24304,Nekrasole,826,182.0
24305,Durgar bankati,827,182.0
24306,Bheduya,828,182.0
24307,Harinashuli,829,182.0
24308,Balarampur   (830),830,182.0
24309,Patpur (831),831,182.0
24310,Bankati(832),832,182.0
24311,Kamarbajar,833,182.0
24312,kantagarh,834,182.0
24313,Pakaliya,835,182.0
24314,Nishchintapur (836),836,182.0
24315,Chakaparbbati,837,182.0
24316,Mohanpur,838,182.0
24317,Shukabandi,839,182.0
24318,Uattarbil,840,182.0
24319,Sarsa,841,182.0
24320,Purushottampur,842,182.0
24321,Keudi,843,182.0
24322,Dhenggaarjun,844,182.0
24323,Manikpat,845,182.0
24324,Joka,846,182.0
24325,Pdrasuli (847),847,182.0
24326,Arjunberia,848,182.0
24327,Kirttanbar,849,182.0
24328,Haripur,850,182.0
24329,Rajahati,851,182.0
24330,Mukundachak,852,182.0
24331,Brahmanchak,853,182.0
24332,Shirsha,854,182.0
24333,Bansda,855,182.0
24334,Chandrapur (856),856,182.0
24335,Jharia,857,182.0
24336,Baharaboni (858),858,182.0
24337,Bargeria,859,182.0
24338,Amshol    (860),860,182.0
24339,Dangarpara,861,182.0
24340,Hatikhamar,862,182.0
24341,Benachapra,863,182.0
24342,Jadabbati,864,182.0
24343,Muradpur Hemnagar,865,182.0
24344,Kalyanchak,866,182.0
24345,Kandra (867),867,182.0
24346,Hemnagar (868),868,182.0
24347,Hatibari,869,182.0
24348,Raghunathbati,870,182.0
24349,Bisnuchak,871,182.0
24350,Raikha Indrajitpur,872,182.0
24351,Chakabishnu Bankati,873,182.0
24352,Sovagarh,874,182.0
24353,Hatkumarganj,875,182.0
24354,Bachhuya,876,182.0
24355,Chanraliya,877,182.0
24356,Narsanpur,878,182.0
24357,Elna,879,182.0
24358,Garberiya (880),880,182.0
24359,Kishorpur,881,182.0
24360,Itachand,882,182.0
24361,Brikbhanupur,883,182.0
24362,Rajballavpur,884,182.0
24363,Dubrajpur,885,182.0
24364,Lodha,886,182.0
24365,Barsol-Bardanga,887,182.0
24366,Malbandi,888,182.0
24367,Janda,889,182.0
24368,Baladghata,890,182.0
24369,Gopalpur (891),891,182.0
24370,Laumara,892,182.0
24371,Pindrasuli (893),893,182.0
24372,Sandhipur,894,182.0
24373,Katrabali,895,182.0
24374,Bhagabandapur,896,182.0
24375,Seetanagar,897,182.0
24376,Sidhpur,898,182.0
24377,Dhanyachara (899),899,182.0
24378,Kalikapur-(900),900,182.0
24379,Deoyan,901,182.0
24380,Bandarboni  (902),902,182.0
24381,Maisabali,903,182.0
24382,Jhapur,904,182.0
24383,Baraideoyan,905,182.0
24384,Raghunathapur (906),906,182.0
24385,Birajpur,907,182.0
24386,Ghoramara,908,182.0
24387,Lakhatapal,937,182.0
24388,Jamdahara,001,183.0
24389,GotMaKali,002,183.0
24390,Domohani 3,003,183.0
24391,Chechuria,004,183.0
24392,Makli,005,183.0
24393,Karanji,006,183.0
24394,Chota Bhalukbasa,007,183.0
24395,Barabhalukbasa,008,183.0
24396,Rengtia,009,183.0
24397,Keshia,010,183.0
24398,Kadambanndi,011,183.0
24399,Gangarampur,012,183.0
24400,Rupaghagra,013,183.0
24401,Borobari,014,183.0
24402,Bankati(15),015,183.0
24403,Khajrabara,016,183.0
24404,Chhotokhajra,017,183.0
24405,Sosabedia,018,183.0
24406,Chotoneguria,019,183.0
24407,Nenguriya(Bara),020,183.0
24408,Kamarpur,021,183.0
24409,Hatimasan,022,183.0
24410,Amdiha,023,183.0
24411,Kadma,024,183.0
24412,Baishnabshol,025,183.0
24413,Ghagra (026),026,183.0
24414,Kethuyabad,027,183.0
24415,Peruabad,028,183.0
24416,Krishnashol,029,183.0
24417,Harimara,030,183.0
24418,Kalabati,031,183.0
24419,Amjore 032,032,183.0
24420,Birbad,033,183.0
24421,Nayabankati  (34),034,183.0
24422,Gachupra,035,183.0
24423,Gamchhakharang,036,183.0
24424,Hatikhana,037,183.0
24425,Bhuianshol,038,183.0
24426,Adalia,039,183.0
24427,Dobati,040,183.0
24428,Bhandarpur,041,183.0
24429,Chotabarabari,042,183.0
24430,Shaymsundarpur,043,183.0
24431,Sarengarh,044,183.0
24432,Mayna,045,183.0
24433,Patharpara,046,183.0
24434,Sijuya Bara,047,183.0
24435,Shitalpur(048),048,183.0
24436,Parasia,049,183.0
24437,Bisharbandh,050,183.0
24438,Bablapani,051,183.0
24439,Kharkata (052),052,183.0
24440,Bhururbani,053,183.0
24441,Pathsala,054,183.0
24442,Sundargeria,055,183.0
24443,Amalachali,056,183.0
24444,Rangilala,057,183.0
24445,Tentulmuri(058),058,183.0
24446,Metal,059,183.0
24447,Parakanali,060,183.0
24448,Balikhunia,061,183.0
24449,Salbani,062,183.0
24450,Chotadharampur,063,183.0
24451,Pitli,064,183.0
24452,Nischintipur,065,183.0
24453,Bulanpur 066,066,183.0
24454,Hatia,067,183.0
24455,Junsole,068,183.0
24456,Singla,069,183.0
24457,Chotapatasole,070,183.0
24458,Barapatasole,071,183.0
24459,Bandrisole,072,183.0
24460,Bankishol,073,183.0
24461,Sirisbani,074,183.0
24462,Andharia,075,183.0
24463,Ghoraghati,076,183.0
24464,Murakati,077,183.0
24465,Kadashol,078,183.0
24466,Daldali,079,183.0
24467,Kenkanali,080,183.0
24468,Pirrashuli,081,183.0
24469,CHOTONAKDANA,082,183.0
24470,Nischintapur,083,183.0
24471,Dubrajpur 084,084,183.0
24472,Benachapra 085,085,183.0
24473,Pindrasuli,086,183.0
24474,Bathantore,087,183.0
24475,Dumuria,088,183.0
24476,Chhagulia,089,183.0
24477,Pabnasini,090,183.0
24478,Jirapara,091,183.0
24479,Khapribhanga,092,183.0
24480,Bet-charia,093,183.0
24481,Baranakdana,094,183.0
24482,Tilabani,095,183.0
24483,Bhedua,096,183.0
24484,Madhuban,097,183.0
24485,Kustara,098,183.0
24486,Dumardiha,099,183.0
24487,Kerumara,100,183.0
24488,Mailisai,101,183.0
24489,Karasai,102,183.0
24490,Kewakole,103,183.0
24491,Nimakata,104,183.0
24492,Kishorgarh,105,183.0
24493,Patgata,106,183.0
24494,Panpara,107,183.0
24495,Chautar,108,183.0
24496,Ampata,109,183.0
24497,Kalaberia,110,183.0
24498,Balibandh,111,183.0
24499,Kuldiha,112,183.0
24500,Goaltore,113,183.0
24501,Bandi,114,183.0
24502,Kuchlashuli,115,183.0
24503,Bankati(116),116,183.0
24504,Gorabari,117,183.0
24505,Pingbani,118,183.0
24506,Chengshol,119,183.0
24507,Dudpatri,120,183.0
24508,Kadamdiha,121,183.0
24509,Anandanagar  122,122,183.0
24510,Dharamapur,123,183.0
24511,Akabari (124),124,183.0
24512,Langalmura,125,183.0
24513,Sankabhanga,126,183.0
24514,Chotachauli,127,183.0
24515,Barachauli,128,183.0
24516,Kankrisole,129,183.0
24517,Anusole,130,183.0
24518,Kuskati,131,183.0
24519,Gopinathpur,132,183.0
24520,Subalbandi,133,183.0
24521,Sirsa,134,183.0
24522,Seerbani,135,183.0
24523,Kumari,136,183.0
24524,Hirasole,137,183.0
24525,Barakadra,138,183.0
24526,Gangduari,139,183.0
24527,Gatsingla,140,183.0
24528,Dhamcha,141,183.0
24529,Chamtubad,142,183.0
24530,Kuilapal,143,183.0
24531,Duliya,144,183.0
24532,Leguidhara,145,183.0
24533,Karasole,146,183.0
24534,Dhekineja,147,183.0
24535,Loginahari,148,183.0
24536,Eriamara,149,183.0
24537,Kusumdangga,150,183.0
24538,Kesia,151,183.0
24539,Gotsole,152,183.0
24540,Parasigeria,153,183.0
24541,Pardaha,154,183.0
24542,Saltora,155,183.0
24543,Chatrakhuliya,156,183.0
24544,Jamirasole,157,183.0
24545,Takurpara,158,183.0
24546,Teskona,159,183.0
24547,Ekariya,160,183.0
24548,Khasjangal Nischintipur,161,183.0
24549,Chandadihi,162,183.0
24550,Khoyerboni,163,183.0
24551,Kenja,164,183.0
24552,Lakhiapal,165,183.0
24553,Hatibari,166,183.0
24554,Kakuara,167,183.0
24555,Chotasalgeria,168,183.0
24556,Barasalgeria,169,183.0
24557,Junshol,170,183.0
24558,Chandabila 171,171,183.0
24559,Barabolbandi,172,183.0
24560,Baraellageria,173,183.0
24561,Chota Elageria,174,183.0
24562,Baglada,175,183.0
24563,Auliya,176,183.0
24564,Sunribaka,177,183.0
24565,Kalasole,178,183.0
24566,AMLASULI,179,183.0
24567,Babuidanga,180,183.0
24568,Jankidanga,181,183.0
24569,Chotachengsole,182,183.0
24570,Barachengsole,183,183.0
24571,Garduara,184,183.0
24572,Nayabankati,185,183.0
24573,Bhama,186,183.0
24574,Chotomanikdipa,187,183.0
24575,Kupageria,188,183.0
24576,Jangalburi-Kupageria,189,183.0
24577,Amakonda,190,183.0
24578,jharia,191,183.0
24579,Shitalpur(192),192,183.0
24580,NAYABANKATI,193,183.0
24581,Barapuichhara,194,183.0
24582,Lakhiabad,195,183.0
24583,Dolderia,196,183.0
24584,Chhotobolbandi,197,183.0
24585,Pattentul,198,183.0
24586,Panduri,199,183.0
24587,Dhanghori,200,183.0
24588,Dharajuri,201,183.0
24589,Ghusingdanga,202,183.0
24590,Jaypur,203,183.0
24591,Kantore,204,183.0
24592,Bhatmoudi,205,183.0
24593,Pechamura,206,183.0
24594,Malibandi,207,183.0
24595,Ashargram,208,183.0
24596,Kankdaha,209,183.0
24597,Bajradangga,210,183.0
24598,Khanapar,211,183.0
24599,Dhitingi,212,183.0
24600,chatardanga,213,183.0
24601,Padurbankati,214,183.0
24602,Chotopuichara,215,183.0
24603,Kamilakone,216,183.0
24604,Deriapore,217,183.0
24605,Rajadali,218,183.0
24606,Baramanikdipa,219,183.0
24607,Shuknakhali,220,183.0
24608,Jasha,221,183.0
24609,Sindurgoura,222,183.0
24610,Salgeria,223,183.0
24611,Dhaboni,224,183.0
24612,Bhalukkunia,225,183.0
24613,Babuikhuliya,226,183.0
24614,Sirisdanga,227,183.0
24615,Chatra,228,183.0
24616,Rajband,229,183.0
24617,Sarabot,230,183.0
24618,Taldanga,231,183.0
24619,Ghagra (232),232,183.0
24620,Baribot,233,183.0
24621,Barmesia,234,183.0
24622,Kalabati,235,183.0
24623,Arabari,236,183.0
24624,Bankati(237),237,183.0
24625,Jharnadanga,238,183.0
24626,Moyna,239,183.0
24627,Sutaharar,240,183.0
24628,Agarbandh,241,183.0
24629,Chunpara(242),242,183.0
24630,Chakbindu,243,183.0
24631,Alui,244,183.0
24632,Balguma,245,183.0
24633,Seetarampur,246,183.0
24634,Talbandi,247,183.0
24635,Janggal Abadi,248,183.0
24636,Baulara,249,183.0
24637,Bandardola,250,183.0
24638,Mohanpur,251,183.0
24639,Chekuasole,252,183.0
24640,Dhobasole,253,183.0
24641,Namoshol,254,183.0
24642,Siromanipur,256,183.0
24643,Samaypara,257,183.0
24644,Lalitpur,258,183.0
24645,Kesia,259,183.0
24646,Sirisboni,260,183.0
24647,Basudebpur,261,183.0
24648,Kurkutbandi,262,183.0
24649,Jogardangga,263,183.0
24650,Panchami,264,183.0
24651,Dubada,265,183.0
24652,Atraj,266,183.0
24653,Bota,267,183.0
24654,Paikberia,268,183.0
24655,Chhotonogra,269,183.0
24656,Radhachak,270,183.0
24657,Baranagra,271,183.0
24658,Asanboni,272,183.0
24659,Salband,273,183.0
24660,Deulkola,274,183.0
24661,Patharberia,275,183.0
24662,Chemiya,276,183.0
24663,Kayabad,277,183.0
24664,Hoomgarh,278,183.0
24665,Chandabila 279,279,183.0
24666,Metaldoba,280,183.0
24667,Amkopa (281),281,183.0
24668,asnasuli,282,183.0
24669,Indkuri,283,183.0
24670,Barsole,284,183.0
24671,Tangasole,285,183.0
24672,patharmari,286,183.0
24673,Rangametia,287,183.0
24674,Gohaldangga,288,183.0
24675,Moladanga,289,183.0
24676,Birpathri,290,183.0
24677,Barabagpichla,291,183.0
24678,Chota Bagpichla,292,183.0
24679,Metala(294),294,183.0
24680,Bankumari,295,183.0
24681,Sutkujuri,296,183.0
24682,Kushdiha,297,183.0
24683,Dhepuya,298,183.0
24684,Chotokadra,299,183.0
24685,Umrapota,300,183.0
24686,Hamargora,303,183.0
24687,Amjore (304),304,183.0
24688,Kiamacha,305,183.0
24689,Chotasalbani,306,183.0
24690,Barasalbani,307,183.0
24691,Penchapara,308,183.0
24692,Pathardoba  (317),317,183.0
24693,Tentulmuri  (331),331,183.0
24694,Nischintapur (332),332,183.0
24695,Jamdahara,333,183.0
24696,Amshol  (351),351,183.0
24697,Agya,357,183.0
24698,Ukhla,358,183.0
24699,Bargiutra,359,183.0
24700,Hadhadi,360,183.0
24701,Birbandi,361,183.0
24702,Peruajole,362,183.0
24703,Dubrajpur,363,183.0
24704,Piasala,364,183.0
24705,Nagdipara,365,183.0
24706,Bhoga,366,183.0
24707,Ichhariya,367,183.0
24708,Teberia,368,183.0
24709,Ramnagar,369,183.0
24710,Darikanchratore,370,183.0
24711,Bagdangra,371,183.0
24712,Raghunathbari,372,183.0
24713,Madnapur,373,183.0
24714,Merra,374,183.0
24715,Harigeria,375,183.0
24716,Bhandarband,376,183.0
24717,Bansdiha,378,183.0
24718,Khudrakatapal,403,183.0
24719,Gopalnagar,404,183.0
24720,Kanchratore,405,183.0
24721,Suniakone,406,183.0
24722,Pachami,412,183.0
24723,Patasole,413,183.0
24724,Baradhadika,414,183.0
24725,Chotadhadika,415,183.0
24726,Bagridihi,416,183.0
24727,Pathrajangle,430,183.0
24728,Bhula,476,183.0
24729,Bara Pancharol,494,183.0
24730,Choto Pancharol,496,183.0
24731,Khamarberia(497),497,183.0
24732,Gangra,498,183.0
24733,Dhaboni (652),652,183.0
24734,Bhat para,105,184.0
24735,BHATURBANDI,293,184.0
24736,MAHARAJPUR,301,184.0
24737,Barachandabila,302,184.0
24738,GAMRU,309,184.0
24739,TENTULMURI,310,184.0
24740,CHENCHURIA,311,184.0
24741,SENKASOLE,312,184.0
24742,KUSHMASULI,313,184.0
24743,DOTAL,314,184.0
24744,Nalbana,315,184.0
24745,DAMODARPUR,316,184.0
24746,Kawabad,318,184.0
24747,BARANURI,319,184.0
24748,Nandasuli,320,184.0
24749,Elarah,321,184.0
24750,BHIMPUR,322,184.0
24751,Mangalpara,323,184.0
24752,CHOTOCHANDABILA,324,184.0
24753,BHANDERBERH,325,184.0
24754,AMKANDLA,326,184.0
24755,Matalia,327,184.0
24756,BANDHGORA,328,184.0
24757,Elarah 329,329,184.0
24758,CHORKUL,330,184.0
24759,CHOTONOHARI,334,184.0
24760,Golabandi,335,184.0
24761,Teghuri,336,184.0
24762,Sirapah,338,184.0
24763,Darkhola (339),339,184.0
24764,Bhogishol (340),340,184.0
24765,Bhurakudi,341,184.0
24766,Baranarichya,342,184.0
24767,Bagchari,343,184.0
24768,Chotanarichya,344,184.0
24769,Chakdinbandhu,345,184.0
24770,Murakata Kharikashu,346,184.0
24771,Barashuli-(347),347,184.0
24772,Chaktulsi,348,184.0
24773,Nayabasat,349,184.0
24774,Dhansole,350,184.0
24775,Daldali 352,352,184.0
24776,TILABUKA,353,184.0
24777,Bagakhulia,354,184.0
24778,BANSDIHA,355,184.0
24779,Amkopa (426),426,184.0
24780,Bheduya,435,184.0
24781,Majuranacha,436,184.0
24782,Bhula (437),437,184.0
24783,Ueepoka,438,184.0
24784,Tiltoka,439,184.0
24785,Benggahshol,440,184.0
24786,Malidangga,441,184.0
24787,Agri,442,184.0
24788,Khorika,443,184.0
24789,Jagabandhuchak,444,184.0
24790,Karati,445,184.0
24791,Bhelaitikri,446,184.0
24792,Barapara,447,184.0
24793,Churasole,448,184.0
24794,Gurahchka,449,184.0
24795,Ghagda,450,184.0
24796,Chandmura,451,184.0
24797,Arabari,452,184.0
24798,Duki,453,184.0
24799,Kalikata,454,184.0
24800,Tunthbari,455,184.0
24801,Kuralganj,456,184.0
24802,Namjanka,457,184.0
24803,Bila,458,184.0
24804,Uaparjaka,459,184.0
24805,Dumurgeria,460,184.0
24806,Chandabila,461,184.0
24807,Barajam,462,184.0
24808,Ghoshakira,463,184.0
24809,Shirisdangga,464,184.0
24810,Durlavganja,465,184.0
24811,Sarberia,466,184.0
24812,Organja,467,184.0
24813,Paturia,468,184.0
24814,Ban-kati  (469),469,184.0
24815,Karmshol,470,184.0
24816,Tofa,645,184.0
24817,Nayabankati,646,184.0
24818,Amdiha,647,184.0
24819,Tantichua,654,184.0
24820,Patharkunda,655,184.0
24821,Chanchhagote,656,184.0
24822,Guyafela,657,184.0
24823,Gadamauli,658,184.0
24824,Kiaboni,659,184.0
24825,Nishchintapur (660),660,184.0
24826,Uparsholbankati,661,184.0
24827,Digri,662,184.0
24828,Chota Sarenga,663,184.0
24829,Benashuli,664,184.0
24830,Pathra (665),665,184.0
24831,Kadamdiha,666,184.0
24832,Bara Sarenga,667,184.0
24833,Jambani (668),668,184.0
24834,Baradabcha,669,184.0
24835,Chhotadabchya,670,184.0
24836,Khandibadh,671,184.0
24837,Dwarigeria,672,184.0
24838,Satbankura,673,184.0
24839,Barakura,674,184.0
24840,Dharampur,675,184.0
24841,Garhanga-(676),676,184.0
24842,Burishol,677,184.0
24843,Tilakhula,678,184.0
24844,Hatikhana,679,184.0
24845,Nabakola,680,184.0
24846,Kumari,681,184.0
24847,Mangalbandi,682,184.0
24848,Kuchashimul,683,184.0
24849,Kamarberia,684,184.0
24850,Belaganja,685,184.0
24851,Nepura,686,184.0
24852,Bhogishol (687),687,184.0
24853,Buramara,688,184.0
24854,Sainara,689,184.0
24855,Kelami,690,184.0
24856,Shimuldiha,691,184.0
24857,Belama,692,184.0
24858,Kumardubi (693),693,184.0
24859,Uriasai,694,184.0
24860,Shyampur (695),695,184.0
24861,Hijalkala,696,184.0
24862,Nishchintapur (697),697,184.0
24863,Baharashuli,698,184.0
24864,Bankati (699),699,184.0
24865,Durgapur,700,184.0
24866,Karangasole,701,184.0
24867,Gopalpur (702),702,184.0
24868,Marachi,703,184.0
24869,Garhberia (704),704,184.0
24870,Pratappur,705,184.0
24871,Biharishol,706,184.0
24872,Metiadahar,707,184.0
24873,Andhariya,708,184.0
24874,Tentuldanga,709,184.0
24875,Zemuya,710,184.0
24876,Suknatore,711,184.0
24877,Kanchdahari (712),712,184.0
24878,Guyadaha,713,184.0
24879,Chhotatara-(714),714,184.0
24880,Samramara,715,184.0
24881,Babuidanga,716,184.0
24882,Naorhasole,717,184.0
24883,Manikbandh,718,184.0
24884,Gokulpunj (719),719,184.0
24885,Tilakganj,720,184.0
24886,Sonarberh,721,184.0
24887,Gurahara,722,184.0
24888,Dakshinshol,723,184.0
24889,Alkusha,724,184.0
24890,Andharnyan,725,184.0
24891,Shyampur (726),726,184.0
24892,Lachhangarh,727,184.0
24893,Keudi jambani,728,184.0
24894,Gobindachak,729,184.0
24895,Amdoula,730,184.0
24896,Bachaka Bankati,731,184.0
24897,Deshbandh,732,184.0
24898,Kandra (733),733,184.0
24899,Banpur,734,184.0
24900,Kathaldiha,735,184.0
24901,Chandabila (736),736,184.0
24902,Kanchangiri,737,184.0
24903,Karsa,738,184.0
24904,Indrakola,739,184.0
24905,Kamdebpur,740,184.0
24906,Gadashol,741,184.0
24907,Balarampur  (742),742,184.0
24908,Nerekopa,743,184.0
24909,Harisingpur,744,184.0
24910,Zarka,745,184.0
24911,Raskundu,746,184.0
24912,Rampura,747,184.0
24913,Panikotar,748,184.0
24914,Jaluya,749,184.0
24915,Jangalparh,750,184.0
24916,Simulia (751),751,184.0
24917,Gangguya,752,184.0
24918,Balibil,753,184.0
24919,Bardiha,754,184.0
24920,Sirishboni,755,184.0
24921,Chunirchak,756,184.0
24922,Parasole,757,184.0
24923,Kadmabandi (758),758,184.0
24924,Tatarbati,760,184.0
24925,Jambani (761),761,184.0
24926,Sonabandi,762,184.0
24927,Kenkatorh,763,184.0
24928,Mataliya (764),764,184.0
24929,Ausbandi,765,184.0
24930,Fulashashan,766,184.0
24931,Kharikasuli (767),767,184.0
24932,Mahata,768,184.0
24933,Kadokata,909,184.0
24934,Dukshiasole,910,184.0
24935,Narayanpur,911,184.0
24936,Aguidiha,912,184.0
24937,Amshol     (913),913,184.0
24938,Rajbandh,914,184.0
24939,Solagerya,915,184.0
24940,Gopinathapur,916,184.0
24941,Panshiuli,917,184.0
24942,Chandrabhanpur,918,184.0
24943,Suknadighi,919,184.0
24944,Zemuyashol (920),920,184.0
24945,Dainmari,921,184.0
24946,Hidaramshol,922,184.0
24947,Nagdichak,923,184.0
24948,Ghatmura,924,184.0
24949,Fategarh,925,184.0
24950,Dhobichak,926,184.0
24951,Sankhabai,927,184.0
24952,Alampur,928,184.0
24953,Pataisole,929,184.0
24954,Golakder Ayma,930,184.0
24955,Kendraisole,931,184.0
24956,Gujrat,932,184.0
24957,Mahabankati,933,184.0
24958,Fateganj Bankati,934,184.0
24959,Birsinhapur (935),935,184.0
24960,Sauliya,936,184.0
24961,Kuyerkhal,938,184.0
24962,Kharhorishole,001,185.0
24963,Nadaria,002,185.0
24964,Babuibasa,003,185.0
24965,Rupaipur,004,185.0
24966,Panishol,005,185.0
24967,Jamdoba,006,185.0
24968,Godamouli,007,185.0
24969,Rasulpur,008,185.0
24970,Kurajuri,009,185.0
24971,Abhaya,010,185.0
24972,Radhagobindapur,011,185.0
24973,Memul,012,185.0
24974,Bhola,013,185.0
24975,Madhupur,014,185.0
24976,Jamirgote,015,185.0
24977,Khasjangal(016),016,185.0
24978,Birghasha,017,185.0
24979,Mahishadoba,018,185.0
24980,Chapasole,019,185.0
24981,Changuri,020,185.0
24982,Amlabati,021,185.0
24983,Dhadika Danga,022,185.0
24984,Garhra,023,185.0
24985,Dhuchati,024,185.0
24986,Kalaimuri,025,185.0
24987,Birbhanpur               (026),026,185.0
24988,Kalsibhangga,027,185.0
24989,Dandi,028,185.0
24990,Adharmara,029,185.0
24991,Tilaghagri,030,185.0
24992,Patajharia,031,185.0
24993,Babuidanga,032,185.0
24994,Jhitka,033,185.0
24995,Khayerdanga,034,185.0
24996,Bhimpur,035,185.0
24997,Nerhe,036,185.0
24998,Balibandh,037,185.0
24999,Masina,038,185.0
25000,Patharnala,039,185.0
25001,Dhengbahara,040,185.0
25002,Kharikasuli,041,185.0
25003,Jamgera,042,185.0
25004,Pukhuriashol,043,185.0
25005,Ranja,044,185.0
25006,Chandabila               (45),045,185.0
25007,Jaypur,046,185.0
25008,Bandhgera,047,185.0
25009,Naranpur,048,185.0
25010,Bhadunara,049,185.0
25011,Mahata pur,050,185.0
25012,Goal danga,051,185.0
25013,Sarbera,052,185.0
25014,Sabali,053,185.0
25015,Jarka(054),054,185.0
25016,Dhabasole(055),055,185.0
25017,Nimtola,056,185.0
25018,Pirhrakuli,057,185.0
25019,Kuldiha,058,185.0
25020,Dhanghori  (59),059,185.0
25021,Shir shi,060,185.0
25022,Koyma,061,185.0
25023,Goranata,062,185.0
25024,Ranga Mati,063,185.0
25025,Bhangadali,064,185.0
25026,Patharpara,065,185.0
25027,Laxmanpur,066,185.0
25028,Tildanga,067,185.0
25029,Indkuri,068,185.0
25030,Anandanagar   (69),069,185.0
25031,Sakhishol,070,185.0
25032,Patharnala,071,185.0
25033,Rameswarpur,072,185.0
25034,Mathurapur,073,185.0
25035,Hatilote,074,185.0
25036,Khandi Rani,075,185.0
25037,Kumerkata,076,185.0
25038,Kanabali,077,185.0
25039,Jamboni(078),078,185.0
25040,Gangadaspur,079,185.0
25041,Garhra,080,185.0
25042,Kadmashol,081,185.0
25043,Hatimara,082,185.0
25044,Amjore,083,185.0
25045,Belasole,084,185.0
25046,Shitalpur,085,185.0
25047,Kotalberie,086,185.0
25048,Singpur,087,185.0
25049,Krishnanagar  (88),088,185.0
25050,Mirgashole,089,185.0
25051,Shalboni -90,090,185.0
25052,Jadabpur,091,185.0
25053,Jayanarayanpur   (92),092,185.0
25054,Ramchandrapur,093,185.0
25055,Dharmapur,094,185.0
25056,Bhabanipur,095,185.0
25057,Chhotobhimpur,096,185.0
25058,Mailda,097,185.0
25059,Chilapara,098,185.0
25060,Murari,099,185.0
25061,Siajora,100,185.0
25062,Banshkona,101,185.0
25063,Abradihi,102,185.0
25064,Kanksole,103,185.0
25065,Bahara boni,104,185.0
25066,Dama kata,105,185.0
25067,Lodhapara,106,185.0
25068,Buripara,107,185.0
25069,Mohanpur,108,185.0
25070,Barsadihi,109,185.0
25071,Bhimshole,110,185.0
25072,Majurkata,111,185.0
25073,Srikrishnapur - Jl-112,112,185.0
25074,Pathri,113,185.0
25075,Shankarbandh,114,185.0
25076,Lalerdihi,115,185.0
25077,Bhalukmarashole,116,185.0
25078,Kshudrabankati,117,185.0
25079,Radhakantapur,118,185.0
25080,Harirampur,119,185.0
25081,Raisinger Bagicha,120,185.0
25082,Belkuri,121,185.0
25083,Karasai,122,185.0
25084,Dhanghori    (123),123,185.0
25085,Nurdri,124,185.0
25086,Machhadinda,125,185.0
25087,Marlu,126,185.0
25088,Krinapur,127,185.0
25089,Goaldihi,128,185.0
25090,Shyamchak,129,185.0
25091,Hartara,130,185.0
25092,Bankishol,131,185.0
25093,Joykrishnapur,132,185.0
25094,Chhotosijua,133,185.0
25095,Barasijua,134,185.0
25096,Debagram,135,185.0
25097,Damanjuri,136,185.0
25098,Jagulara,137,185.0
25099,Chhatni,138,185.0
25100,Butshole Gobindapur,139,185.0
25101,Puradiha,140,185.0
25102,Bayla,141,185.0
25103,Dudhakharang,142,185.0
25104,Binja,143,185.0
25105,Sharmara,144,185.0
25106,Banshbandi,145,185.0
25107,Kushtora,146,185.0
25108,Mankuri,147,185.0
25109,Jatgari,148,185.0
25110,Muchibera,149,185.0
25111,Rautara,150,185.0
25112,Amlatora,151,185.0
25113,Khejurboni,152,185.0
25114,Chuasole,153,185.0
25115,Tilabani,154,185.0
25116,Roygarh,155,185.0
25117,Pathra,156,185.0
25118,Khandibandh,157,185.0
25119,Chakajharia,158,185.0
25120,Ramnagar,159,185.0
25121,Tusfala,160,185.0
25122,Bagaldoba,161,185.0
25123,Bhalukshol,162,185.0
25124,Dudrushol,163,185.0
25125,Raghunathapur,164,185.0
25126,Lalgeria,165,185.0
25127,Hirashole,166,185.0
25128,Pirakata,167,185.0
25129,Ghagrasole,168,185.0
25130,Duli,169,185.0
25131,Kondashol,170,185.0
25132,Maulboni,171,185.0
25133,Gopinathpur (172),172,185.0
25134,Gaighata(173),173,185.0
25135,Sundarpur,174,185.0
25136,Barakeudi,175,185.0
25137,Ghusidanga,176,185.0
25138,Chhatokeundi,177,185.0
25139,Miyapara,178,185.0
25140,Raghunathpur,179,185.0
25141,Parulia,180,185.0
25142,Deulbarh,181,185.0
25143,Damanjuri    182,182,185.0
25144,Shalboni -183,183,185.0
25145,Bankati,184,185.0
25146,Balichak,185,185.0
25147,Satpati,186,185.0
25148,Raghunathchak,187,185.0
25149,Dhansole(188),188,185.0
25150,Dakshinshole,189,185.0
25151,Radhaballavpur,190,185.0
25152,Ramnagar,191,185.0
25153,Bhangabandh(192),192,185.0
25154,Balishole,193,185.0
25155,Nutandihi,194,185.0
25156,Paruabandha,195,185.0
25157,Nunasole,196,185.0
25158,Sijgote Dharmasole,197,185.0
25159,Kadamdihi,198,185.0
25160,Bhutashol,199,185.0
25161,Tilaboni,200,185.0
25162,Payrachali,201,185.0
25163,Chhatokalsibhanga,202,185.0
25164,Barakalsibhanga,203,185.0
25165,Parur Ayama,204,185.0
25166,Parurashol,205,185.0
25167,Sapkata,206,185.0
25168,Golokchak,207,185.0
25169,Metal,208,185.0
25170,Lakshmichak,209,185.0
25171,Bhurkundishole,210,185.0
25172,Dhapara,211,185.0
25173,Daha,212,185.0
25174,Kharikachati  (213),213,185.0
25175,Garmal,214,185.0
25176,Karamarashole,215,185.0
25177,Radhamohanpur,216,185.0
25178,Mirga,217,185.0
25179,Jara,218,185.0
25180,Panchapara,219,185.0
25181,Kujamigoaldihi,220,185.0
25182,Barhpatharkumkumi,221,185.0
25183,Jorakushmi  (222),222,185.0
25184,Shusnibari,223,185.0
25185,Chhata Patharkumkumi,224,185.0
25186,Tarashuli,225,185.0
25187,Mugardihi,226,185.0
25188,Khasjangal(227),227,185.0
25189,Khirsuli,228,185.0
25190,Tasararah,229,185.0
25191,Talimurri,230,185.0
25192,Gaighata  (231),231,185.0
25193,Kharikashuli  (232),232,185.0
25194,Dhadika,233,185.0
25195,Godamouli,234,185.0
25196,Soura,235,185.0
25197,Sonakora,236,185.0
25198,Kukrakhupi,237,185.0
25199,Chandra,238,185.0
25200,Chingrisole,239,185.0
25201,Bagmari,240,185.0
25202,Narasinghapur,241,185.0
25203,Bhagabatichak,242,185.0
25204,Tangashole,243,185.0
25205,Bamunbandh,244,185.0
25206,Gaighata Jugdiha,245,185.0
25207,Baradiha,246,185.0
25208,Kashijora,247,185.0
25209,Jalhari,248,185.0
25210,Moupal,249,185.0
25211,Changshole,250,185.0
25212,Murakata,251,185.0
25213,Shirsa,252,185.0
25214,Chaipur,253,185.0
25215,Bhatmorh,254,185.0
25216,Bandarkanda,255,185.0
25217,Chhatobhursha,256,185.0
25218,Barabhursa,257,185.0
25219,Deulkunda,258,185.0
25220,Baikunthapur,259,185.0
25221,Mahisara,260,185.0
25222,Sadanandapur,261,185.0
25223,Janakpur,262,185.0
25224,Ausher Kuli,263,185.0
25225,Jashpur,264,185.0
25226,Deuli,265,185.0
25227,Pairag,266,185.0
25228,Gourangachak,267,185.0
25229,Islampur,268,185.0
25230,Arjunshol,269,185.0
25231,Dhaboni,270,185.0
25232,Baramesia,271,185.0
25233,Ashnaboni,272,185.0
25234,Baghasole,273,185.0
25235,Benageria,274,185.0
25236,Jorakusmi,275,185.0
25237,Tuni,276,185.0
25238,Balarampur,277,185.0
25239,Pidrakuli,278,185.0
25240,Bagpichhala,279,185.0
25241,Chihardalan,280,185.0
25242,Jamboni  (281),281,185.0
25243,Brindabanpur  (282),282,185.0
25244,Karmasol,283,185.0
25245,Parasiya,284,185.0
25246,Kusmisole,285,185.0
25247,Hadangsole,286,185.0
25248,Arabari(287),287,185.0
25249,Baramatha,288,185.0
25250,Banishol,289,185.0
25251,Tilakhuli(290),290,185.0
25252,Digambarpur,291,185.0
25253,Ramchandra  pur,292,185.0
25254,Ghagra,293,185.0
25255,Shalgeriya,294,185.0
25256,Masru,295,185.0
25257,Nitaipur,296,185.0
25258,Bansakopna,297,185.0
25259,Khairishol,298,185.0
25260,Radhagobindapur,299,185.0
25261,Khasjangal(300),300,185.0
25262,Jaynagar,301,185.0
25263,Barju,302,185.0
25264,Arabar(303),303,185.0
25265,Khasjangal(304),304,185.0
25266,Aruniasole,305,185.0
25267,Patharchati,306,185.0
25268,Kachusole,307,185.0
25269,Hiradihi,308,185.0
25270,Gobrashol,309,185.0
25271,Kajabard,310,185.0
25272,Chandankat,311,185.0
25273,Kharikashuli,312,185.0
25274,Dubrajapur   (313),313,185.0
25275,Chatibandha,314,185.0
25276,Ramroydihi,315,185.0
25277,Natundihi,316,185.0
25278,Beldangri,317,185.0
25279,Bhalukmari,318,185.0
25280,Sitanathpur,319,185.0
25281,Baragada,320,185.0
25282,Paliboni,321,185.0
25283,Durgadaspur   (322),322,185.0
25284,Banskona,323,185.0
25285,Gokulpur,324,185.0
25286,Kalabera,325,185.0
25287,Katalkuli,326,185.0
25288,Bhurichati,327,185.0
25289,Nengtishol,328,185.0
25290,Bagbasa,329,185.0
25291,Saraswatipur,330,185.0
25292,Jhalbhanga,331,185.0
25293,Banamalipur,332,185.0
25294,Pathardanga,333,185.0
25295,Bhangabandh,334,185.0
25296,Laluya,335,185.0
25297,Chhato Dhanghori,336,185.0
25298,Anandanagar,337,185.0
25299,Kalyanpur,338,185.0
25300,Kharigeria,339,185.0
25301,Mirga,340,185.0
25302,Jagannathapur,341,185.0
25303,Hemsagar,342,185.0
25304,Maharajapur,343,185.0
25305,Chandabila,344,185.0
25306,Ramchandrapur,345,185.0
25307,Dhabani,346,185.0
25308,Jorakushmi(347),347,185.0
25309,Baradhanghari,348,185.0
25310,Beldangri(349),349,185.0
25311,Sarasbedia,350,185.0
25312,Chunpara,351,185.0
25313,Kuldiha,352,185.0
25314,Brijli,353,185.0
25315,Kaduygita,354,185.0
25316,Jarka(355),355,185.0
25317,Panpara,356,185.0
25318,Bishnupur,357,185.0
25319,Kshudimari,358,185.0
25320,Tildangri,359,185.0
25321,Pachakuya,360,185.0
25322,Baruia,361,185.0
25323,Jatra,362,185.0
25324,Beldangri,363,185.0
25325,Khasla,364,185.0
25326,Bansiroyshol,365,185.0
25327,Ghasasole,366,185.0
25328,Jam Boni,367,185.0
25329,Nimasboni,368,185.0
25330,Palashboni,369,185.0
25331,Kasidanga,370,185.0
25332,Bhaudi,371,185.0
25333,Maldiha,372,185.0
25334,Khamarbarh,373,185.0
25335,Komrabandh,374,185.0
25336,Kaniari,375,185.0
25337,Gopalpur,376,185.0
25338,Palashkunda,377,185.0
25339,Amchura,378,185.0
25340,Chaltaberya,379,185.0
25341,Aularaha,380,185.0
25342,Goldahari,381,185.0
25343,Sidadihi,382,185.0
25344,Radhamohanpur,383,185.0
25345,Mahashol,384,185.0
25346,Mandalkupi,385,185.0
25347,Pallagote,386,185.0
25348,Ausbere,387,185.0
25349,Khemakata,388,185.0
25350,Jagannathpur,389,185.0
25351,Jhatiarah,390,185.0
25352,Bauribandh,391,185.0
25353,Kenduaguri,392,185.0
25354,Radhanagari,393,185.0
25355,Golokchak,394,185.0
25356,Gotkala,395,185.0
25357,Bulanpur,396,185.0
25358,Durga  daspur,397,185.0
25359,Barakuli,398,185.0
25360,Bagara,399,185.0
25361,Tilakhula,400,185.0
25362,Chaktarini,401,185.0
25363,Dhengasole,402,185.0
25364,Gaighata,403,185.0
25365,Tarinichak,404,185.0
25366,Pidraloha,405,185.0
25367,Pachakuya,406,185.0
25368,Shusnibera,407,185.0
25369,Dhansole(408),408,185.0
25370,Dubrajpur  (409),409,185.0
25371,Biridanga,410,185.0
25372,Jharbhanga,411,185.0
25373,Tengrasole,412,185.0
25374,Birbhanpur,413,185.0
25375,Mohanchak,414,185.0
25376,Shalbani -415,415,185.0
25377,Uparkamala,416,185.0
25378,Kamala,417,185.0
25379,Kamalakismat,418,185.0
25380,Shyamchak,419,185.0
25381,Turapara,420,185.0
25382,Bansbandhi,421,185.0
25383,Bankibandha,422,185.0
25384,Tildanga,423,185.0
25385,Jumboni,424,185.0
25386,Barbokra,425,185.0
25387,Shaldahara,426,185.0
25388,Changsole,427,185.0
25389,Bhadkuri,428,185.0
25390,Madhupur,429,185.0
25391,Krishnapur,430,185.0
25392,Dakshinshol,431,185.0
25393,Mohislot,432,185.0
25394,Kadaloya,433,185.0
25395,Birdabanpur,434,185.0
25396,Nandaria,435,185.0
25397,Saiyadpur,436,185.0
25398,Banachapara,437,185.0
25399,Jayanarayanpur   (438),438,185.0
25400,Sundarpur -439,439,185.0
25401,Sarasbedia,440,185.0
25402,Arabari,441,185.0
25403,Gamariya,442,185.0
25404,Srikrishnapur-(443),443,185.0
25405,Pachasamar,444,185.0
25406,Jambedia,445,185.0
25407,Nutanbankati,446,185.0
25408,Asnasuli,447,185.0
25409,Chakbhangi,448,185.0
25410,Narayanchak,449,185.0
25411,Bhalukchati,450,185.0
25412,Birbalchati,451,185.0
25413,Dharmadanga,452,185.0
25414,Shalika,453,185.0
25415,Hatimari,454,185.0
25416,Gaighata,455,185.0
25417,Kulpheni,456,185.0
25418,Sundra,457,185.0
25419,Rajbandha,458,185.0
25420,Ahamadpur,459,185.0
25421,Kalichak,460,185.0
25422,Metal,461,185.0
25423,Maheswaripur,462,185.0
25424,Dainmari,463,185.0
25425,Shyamchandpur,464,185.0
25426,Jageswarpur,465,185.0
25427,Sitarampur,466,185.0
25428,Kumirmara,467,185.0
25429,Khasjangal,468,185.0
25430,Godapiashal,469,185.0
25431,Patharajuri,470,185.0
25432,Durgadaspur,471,185.0
25433,Rana,472,185.0
25434,Benucha,473,185.0
25435,Jamdargarh,474,185.0
25436,Kulapachhuriya,475,185.0
25437,Guraipatna,476,185.0
25438,Saraswatipur,477,185.0
25439,Mangalmari,478,185.0
25440,Mohisamuri,479,185.0
25441,Dalkati,480,185.0
25442,Shibakata,481,185.0
25443,Dalkata,482,185.0
25444,KakSole,483,185.0
25445,Shoula,484,185.0
25446,Nekraghai,485,185.0
25447,Chholabari,486,185.0
25448,lalgarh,487,185.0
25449,Hemanta Sinher Kala,488,185.0
25450,Dudakhali,489,185.0
25451,Birkarh,490,185.0
25452,DUBAGERA,491,185.0
25453,Khandideuli,492,185.0
25454,Kamarmuri,493,185.0
25455,Chaita,494,185.0
25456,Kulbera,495,185.0
25457,Beliya,496,185.0
25458,Kuchakala,497,185.0
25459,Betkundri,498,185.0
25460,Krishnanagar,499,185.0
25461,Chaksrinath,500,185.0
25462,Pirchak,501,185.0
25463,Dhanyasole,502,185.0
25464,Karadan,503,185.0
25465,Jamda,504,185.0
25466,Kuturiya,505,185.0
25467,Ghurnidaha,506,185.0
25468,Kodalhara,507,185.0
25469,Bhandarmari,508,185.0
25470,Baralghata,509,185.0
25471,Meteldebi Ghata,510,185.0
25472,Bakajata,511,185.0
25473,Balijuri,512,185.0
25474,Khasjangal(513),513,185.0
25475,Baharkolabera,514,185.0
25476,Kaleberia Bhadutala,515,185.0
25477,Nishchintapur,516,185.0
25478,Dhabasole,517,185.0
25479,Bhabrigera,518,185.0
25480,Jamboni,519,185.0
25481,Chaiboni,520,185.0
25482,Kismat Dhabashol,521,185.0
25483,Gobru,522,185.0
25484,Kismat Bankati,523,185.0
25485,Karnagarh,524,185.0
25486,Chanduya,525,185.0
25487,Talikhana,526,185.0
25488,Dangarpara,527,185.0
25489,Telijat,528,185.0
25491,Mahishdubi,002,186.0
25493,Sakhishol,003,186.0
25495,Urami,004,186.0
25497,Ghuchishol,006,186.0
25498,Bhatudiya,007,186.0
25500,Panisara,008,186.0
25502,Kenjapara,009,186.0
25504,Jorakeudi,010,186.0
25506,Guntiamara,011,186.0
25509,Bhandariya,012,186.0
25511,Gopalbandh,013,186.0
25513,Ekdashol,014,186.0
25515,Majhigarh,015,186.0
25517,Sankrui,016,186.0
25519,Sapadiha,017,186.0
25521,Satsole,018,186.0
25523,Maharajapur,019,186.0
25524,Gopinathpur,020,186.0
25526,Bantilara,021,186.0
25528,Jayakrishnachak,022,186.0
25531,Hatbandi,024,186.0
25533,Beldanra,025,186.0
25535,Toria,026,186.0
25537,Kalgerya,027,186.0
25539,Aushberya,028,186.0
25541,Akmura,029,186.0
25543,Maipur,030,186.0
25545,Gararbaga,031,186.0
25546,Paltagarh,032,186.0
25548,Kaktabahadur Nagar,033,186.0
25550,Shyamchandpur,034,186.0
25553,Sholdiha,035,186.0
25554,Nayagram,036,186.0
25557,Tushakhali,037,186.0
25559,Dharashol,038,186.0
25561,Jampal,039,186.0
25563,Dogerya,040,186.0
25565,Madhapur,041,186.0
25567,Saiyadbali,042,186.0
25569,Taltala,043,186.0
25571,Kheduyabali,044,186.0
25572,Bagdani,046,186.0
25574,Tilahari,047,186.0
25577,Sahaspur,048,186.0
25579,Agar,049,186.0
25581,Sekuyashol,050,186.0
25583,Bhalukashol,051,186.0
25585,Aymamohanpur,052,186.0
25587,Fajilchak,053,186.0
25589,Nimkola,054,186.0
25591,Pebuya,055,186.0
25593,Dalang,056,186.0
